NMAquifer_TableField,Ocotillo_TableField
'TWDB_AllCty_WQSites&ChemUsed$'.AlternateSiteID,
'TWDB_AllCty_WQSites&ChemUsed$'.Aquifer,
'TWDB_AllCty_WQSites&ChemUsed$'.AquiferCode,
'TWDB_AllCty_WQSites&ChemUsed$'.CollectionNotes,
'TWDB_AllCty_WQSites&ChemUsed$'.CollectionRemarks,
'TWDB_AllCty_WQSites&ChemUsed$'.Date,
'TWDB_AllCty_WQSites&ChemUsed$'.EntityId,
'TWDB_AllCty_WQSites&ChemUsed$'.ID,
'TWDB_AllCty_WQSites&ChemUsed$'.LabId,
'TWDB_AllCty_WQSites&ChemUsed$'.LatitudeDD,
'TWDB_AllCty_WQSites&ChemUsed$'.LocationId,
'TWDB_AllCty_WQSites&ChemUsed$'.LongitudeDD,
'TWDB_AllCty_WQSites&ChemUsed$'.ParameterCode,
'TWDB_AllCty_WQSites&ChemUsed$'.ParameterDescription,
'TWDB_AllCty_WQSites&ChemUsed$'.ParameterFlag,
'TWDB_AllCty_WQSites&ChemUsed$'.ParameterUnit,
'TWDB_AllCty_WQSites&ChemUsed$'.ParameterValue,
'TWDB_AllCty_WQSites&ChemUsed$'.PlusMinus,
'TWDB_AllCty_WQSites&ChemUsed$'.ReliabilityId,
'TWDB_AllCty_WQSites&ChemUsed$'.SampleNumber,
'TWDB_AllCty_WQSites&ChemUsed$'.Time,
'TWDB_AllCty_WQSites&ChemUsed$'.WellDepth,
AR_Distances.COBorderDistance,
AR_Distances.DitchDistance,
AR_Distances.ID,
AR_Distances.LocationID,
AR_Distances.PointID,
AR_Distances.RiverDistance,
AR_Distances.SSMA_TimeStamp,
AllWQ_CrossTab_NDs_Working.Ag,
AllWQ_CrossTab_NDs_Working.Al,
AllWQ_CrossTab_NDs_Working.Altitude,
AllWQ_CrossTab_NDs_Working.AqClass,
AllWQ_CrossTab_NDs_Working.AquiferType,
AllWQ_CrossTab_NDs_Working.As,
AllWQ_CrossTab_NDs_Working.B,
AllWQ_CrossTab_NDs_Working.Ba,
AllWQ_CrossTab_NDs_Working.Be,
AllWQ_CrossTab_NDs_Working.Br,
AllWQ_CrossTab_NDs_Working.CO3,
AllWQ_CrossTab_NDs_Working.CONDLAB,
AllWQ_CrossTab_NDs_Working.Ca,
AllWQ_CrossTab_NDs_Working.Cd,
AllWQ_CrossTab_NDs_Working.Cl,
AllWQ_CrossTab_NDs_Working.Co,
AllWQ_CrossTab_NDs_Working.CollectedBy,
AllWQ_CrossTab_NDs_Working.CollectionDate,
AllWQ_CrossTab_NDs_Working.CountOfSamplePointID,
AllWQ_CrossTab_NDs_Working.Cr,
AllWQ_CrossTab_NDs_Working.Cu,
AllWQ_CrossTab_NDs_Working.DataQuality,
AllWQ_CrossTab_NDs_Working.DataReliability,
AllWQ_CrossTab_NDs_Working.DataSource,
AllWQ_CrossTab_NDs_Working.Easting,
AllWQ_CrossTab_NDs_Working.F,
AllWQ_CrossTab_NDs_Working.Fe,
AllWQ_CrossTab_NDs_Working.FormationZone,
AllWQ_CrossTab_NDs_Working.HCO3,
AllWQ_CrossTab_NDs_Working.HRD,
AllWQ_CrossTab_NDs_Working.Hg,
AllWQ_CrossTab_NDs_Working.IONBAL,
AllWQ_CrossTab_NDs_Working.K,
AllWQ_CrossTab_NDs_Working.Li,
AllWQ_CrossTab_NDs_Working.Mg,
AllWQ_CrossTab_NDs_Working.Mn,
AllWQ_CrossTab_NDs_Working.Mo,
AllWQ_CrossTab_NDs_Working.NO2,
AllWQ_CrossTab_NDs_Working.NO3,
AllWQ_CrossTab_NDs_Working.Na,
AllWQ_CrossTab_NDs_Working.Ni,
AllWQ_CrossTab_NDs_Working.Northing,
AllWQ_CrossTab_NDs_Working.OBJECTID,
AllWQ_CrossTab_NDs_Working.Pb,
AllWQ_CrossTab_NDs_Working.Po4,
AllWQ_CrossTab_NDs_Working.PointID,
AllWQ_CrossTab_NDs_Working.SO4,
AllWQ_CrossTab_NDs_Working.SamplePointID,
AllWQ_CrossTab_NDs_Working.SamplePtID,
AllWQ_CrossTab_NDs_Working.SampleType,
AllWQ_CrossTab_NDs_Working.Sb,
AllWQ_CrossTab_NDs_Working.Se,
AllWQ_CrossTab_NDs_Working.Si,
AllWQ_CrossTab_NDs_Working.SiO2,
AllWQ_CrossTab_NDs_Working.SiteNames,
AllWQ_CrossTab_NDs_Working.SiteType,
AllWQ_CrossTab_NDs_Working.Sn,
AllWQ_CrossTab_NDs_Working.Sr,
AllWQ_CrossTab_NDs_Working.StudySample,
AllWQ_CrossTab_NDs_Working.TAn,
AllWQ_CrossTab_NDs_Working.TCat,
AllWQ_CrossTab_NDs_Working.TDS,
AllWQ_CrossTab_NDs_Working.Th,
AllWQ_CrossTab_NDs_Working.Ti,
AllWQ_CrossTab_NDs_Working.Tl,
AllWQ_CrossTab_NDs_Working.U,
AllWQ_CrossTab_NDs_Working.V,
AllWQ_CrossTab_NDs_Working.WaterType,
AllWQ_CrossTab_NDs_Working.WellDepth,
AllWQ_CrossTab_NDs_Working.Zn,
AllWQ_CrossTab_NDs_Working.pHL,
AllWQ_CrossTab_NDs_Working_bak.ALK,
AllWQ_CrossTab_NDs_Working_bak.Ag_Total,
AllWQ_CrossTab_NDs_Working_bak.Al,
AllWQ_CrossTab_NDs_Working_bak.Altitude,
AllWQ_CrossTab_NDs_Working_bak.AqClass,
AllWQ_CrossTab_NDs_Working_bak.AquiferType,
AllWQ_CrossTab_NDs_Working_bak.Arsenic,
AllWQ_CrossTab_NDs_Working_bak.AsIII,
AllWQ_CrossTab_NDs_Working_bak.AsV,
AllWQ_CrossTab_NDs_Working_bak.As_Total,
AllWQ_CrossTab_NDs_Working_bak.B,
AllWQ_CrossTab_NDs_Working_bak.Br,
AllWQ_CrossTab_NDs_Working_bak.C13r,
AllWQ_CrossTab_NDs_Working_bak.C14,
AllWQ_CrossTab_NDs_Working_bak.C14_corrected,
AllWQ_CrossTab_NDs_Working_bak.C14_years,
AllWQ_CrossTab_NDs_Working_bak.CF,
AllWQ_CrossTab_NDs_Working_bak.CFC11,
AllWQ_CrossTab_NDs_Working_bak.CFC113,
AllWQ_CrossTab_NDs_Working_bak.CFC113_12,
AllWQ_CrossTab_NDs_Working_bak.CFC12,
AllWQ_CrossTab_NDs_Working_bak.CN6,
AllWQ_CrossTab_NDs_Working_bak.CONDLAB,
AllWQ_CrossTab_NDs_Working_bak.Ca,
AllWQ_CrossTab_NDs_Working_bak.Ca_Total,
AllWQ_CrossTab_NDs_Working_bak.Cd_Total,
AllWQ_CrossTab_NDs_Working_bak.CollectedBy,
AllWQ_CrossTab_NDs_Working_bak.CollectionDate,
AllWQ_CrossTab_NDs_Working_bak.CountOfSamplePointID,
AllWQ_CrossTab_NDs_Working_bak.Cr_Total,
AllWQ_CrossTab_NDs_Working_bak.Cu,
AllWQ_CrossTab_NDs_Working_bak.DO,
AllWQ_CrossTab_NDs_Working_bak.DataQuality,
AllWQ_CrossTab_NDs_Working_bak.DataReliability,
AllWQ_CrossTab_NDs_Working_bak.DataSource,
AllWQ_CrossTab_NDs_Working_bak.Easting,
AllWQ_CrossTab_NDs_Working_bak.F,
AllWQ_CrossTab_NDs_Working_bak.Fe_Total,
AllWQ_CrossTab_NDs_Working_bak.FormationZone,
AllWQ_CrossTab_NDs_Working_bak.GA,
AllWQ_CrossTab_NDs_Working_bak.H2S,
AllWQ_CrossTab_NDs_Working_bak.H2r,
AllWQ_CrossTab_NDs_Working_bak.HRD,
AllWQ_CrossTab_NDs_Working_bak.Hg,
AllWQ_CrossTab_NDs_Working_bak.IONBAL,
AllWQ_CrossTab_NDs_Working_bak.Mg,
AllWQ_CrossTab_NDs_Working_bak.Mg_Total,
AllWQ_CrossTab_NDs_Working_bak.Mn,
AllWQ_CrossTab_NDs_Working_bak.Mn_Total,
AllWQ_CrossTab_NDs_Working_bak.Mo,
AllWQ_CrossTab_NDs_Working_bak.Mo_Total,
AllWQ_CrossTab_NDs_Working_bak.NH4,
AllWQ_CrossTab_NDs_Working_bak.NO2,
AllWQ_CrossTab_NDs_Working_bak.NO2_N,
AllWQ_CrossTab_NDs_Working_bak.NO3,
AllWQ_CrossTab_NDs_Working_bak.NO3_N,
AllWQ_CrossTab_NDs_Working_bak.Na,
AllWQ_CrossTab_NDs_Working_bak.NaPlusK,
AllWQ_CrossTab_NDs_Working_bak.Ni,
AllWQ_CrossTab_NDs_Working_bak.Ni_Total,
AllWQ_CrossTab_NDs_Working_bak.Northing,
AllWQ_CrossTab_NDs_Working_bak.O18r,
AllWQ_CrossTab_NDs_Working_bak.OBJECTID,
AllWQ_CrossTab_NDs_Working_bak.OH,
AllWQ_CrossTab_NDs_Working_bak.ORP,
AllWQ_CrossTab_NDs_Working_bak.PO4,
AllWQ_CrossTab_NDs_Working_bak.PointID,
AllWQ_CrossTab_NDs_Working_bak.Ra226,
AllWQ_CrossTab_NDs_Working_bak.Rn,
AllWQ_CrossTab_NDs_Working_bak.SO4,
AllWQ_CrossTab_NDs_Working_bak.SamplePointID,
AllWQ_CrossTab_NDs_Working_bak.SamplePtID,
AllWQ_CrossTab_NDs_Working_bak.SampleType,
AllWQ_CrossTab_NDs_Working_bak.Sb,
AllWQ_CrossTab_NDs_Working_bak.Sb_Total,
AllWQ_CrossTab_NDs_Working_bak.Se_Total,
AllWQ_CrossTab_NDs_Working_bak.Si,
AllWQ_CrossTab_NDs_Working_bak.SiO2,
AllWQ_CrossTab_NDs_Working_bak.SiteNames,
AllWQ_CrossTab_NDs_Working_bak.SiteType,
AllWQ_CrossTab_NDs_Working_bak.Sn,
AllWQ_CrossTab_NDs_Working_bak.Sn_Total,
AllWQ_CrossTab_NDs_Working_bak.Sr,
AllWQ_CrossTab_NDs_Working_bak.Sr87Sr86Ratio,
AllWQ_CrossTab_NDs_Working_bak.Sr90,
AllWQ_CrossTab_NDs_Working_bak.Sr_Total,
AllWQ_CrossTab_NDs_Working_bak.StudySample,
AllWQ_CrossTab_NDs_Working_bak.TAn,
AllWQ_CrossTab_NDs_Working_bak.TDS,
AllWQ_CrossTab_NDs_Working_bak.TKN,
AllWQ_CrossTab_NDs_Working_bak.TN,
AllWQ_CrossTab_NDs_Working_bak.Th,
AllWQ_CrossTab_NDs_Working_bak.Tritium,
AllWQ_CrossTab_NDs_Working_bak.TritiumHeliumAge,
AllWQ_CrossTab_NDs_Working_bak.U,
AllWQ_CrossTab_NDs_Working_bak.U233,
AllWQ_CrossTab_NDs_Working_bak.U235,
AllWQ_CrossTab_NDs_Working_bak.U238,
AllWQ_CrossTab_NDs_Working_bak.V,
AllWQ_CrossTab_NDs_Working_bak.V_Total,
AllWQ_CrossTab_NDs_Working_bak.WaterType,
AllWQ_CrossTab_NDs_Working_bak.WellDepth,
AllWQ_CrossTab_NDs_Working_bak.Zn,
AllWQ_CrossTab_NDs_Working_bak.Zn_Total,
AllWQ_CrossTab_NDs_Working_bak.d18O_SO4,
AllWQ_CrossTab_NDs_Working_bak.pHL,
AllWQ_CrossTab_NDs_Working_bak.pHf,
AssocDataPhotos.AssocID,
AssocDataPhotos.GlobalID,
AssocDataPhotos.OBJECTID,
AssocDataPhotos.OLEPath,
AssocDataPhotos.PointID,
AssociatedData.AssocID,
AssociatedData.Formation,
AssociatedData.LocationId,
AssociatedData.Notes,
AssociatedData.OBJECTID,
AssociatedData.PointID,
BCWLs2019.Agency,
BCWLs2019.BTW_bgs,
BCWLs2019.ID,
BCWLs2019.MPhgt,
BCWLs2019.MeasureDate,
BCWLs2019.MeasureMethod,
BCWLs2019.Notes,
BCWLs2019.PR,
BCWLs2019.PointID,
BCWLs2019.Source,
BCWLs2019.Status,
BCWLs2019.Well IDKey,
BCWLs2019.Well Name,
Chemistry SampleInfo.AddedDaytoDate,
Chemistry SampleInfo.AddedMonthDaytoDate,
Chemistry SampleInfo.AnalysesAgency,
Chemistry SampleInfo.CollectedBy,
Chemistry SampleInfo.CollectionDate,
Chemistry SampleInfo.CollectionMethod,
Chemistry SampleInfo.DataQuality,
Chemistry SampleInfo.DataSource,
Chemistry SampleInfo.LocationId,
Chemistry SampleInfo.OBJECTID,
Chemistry SampleInfo.PublicRelease,
Chemistry SampleInfo.SSMA_TimeStamp,
Chemistry SampleInfo.SampleMaterialNotH2O,
Chemistry SampleInfo.SampleNotes,
Chemistry SampleInfo.SamplePointID,
Chemistry SampleInfo.SamplePtID,
Chemistry SampleInfo.SampleType,
Chemistry SampleInfo.StudySample,
Chemistry SampleInfo.WCLab_ID,
Chemistry SampleInfo.WaterType,
DatatypeWPointid.DataType,
DatatypeWPointid.LocationId,
DatatypeWPointid.PointID,
Equipment.DateInstalled,Deployment.installation_date
Equipment.DateRemoved,Deployment.removal_date
Equipment.Equipment Notes,Deployment.notes
Equipment.EquipmentType,Sensor.type
Equipment.GlobalID,Sensor.nma_pk_equipment
Equipment.HangingCableLength,Deployment.hanging_cable_length_UNITS
Equipment.HangingPointDescription,Deployment.hanging_point_description
Equipment.HangingPointHgt,Deployment.hanging_point_height_UNITS
Equipment.ID,
Equipment.LocationId,
Equipment.Model,Sensor.model
Equipment.NMTProperty,Sensor.owner_agency
Equipment.PointID,
Equipment.RecordingInterval,Deployment.recording_interval_UNITS
Equipment.SSMA_TimeStamp,
Equipment.SerialNo,Sensor.serial_no
Equipment.WI_Duration,
Equipment.WI_EndFrequency,
Equipment.WI_Magnitude,
Equipment.WI_MicGain,
Equipment.WI_MinSoundDepth,
Equipment.WI_StartFrequency,
FieldNotesScans.GlobalID,
FieldNotesScans.LocationId,
FieldNotesScans.NoteType_id,
FieldNotesScans.OBJECTID,
FieldNotesScans.OLEPath,
FieldNotesScans.PointID,
FieldParameters.AnalysesAgency,
FieldParameters.FieldParameter,
FieldParameters.GlobalID,
FieldParameters.Notes,
FieldParameters.OBJECTID,
FieldParameters.SSMA_TimeStamp,
FieldParameters.SamplePointID,
FieldParameters.SamplePtID,
FieldParameters.SampleValue,
FieldParameters.Units,
FieldParameters.WCLab_ID,
GDB_ColumnInfo.FieldName,
GDB_ColumnInfo.TableName,
GDB_ColumnInfo.columnFlags,
GROUNDWATER_LEVELS.Altitude,
GROUNDWATER_LEVELS.CasingDiameter,
GROUNDWATER_LEVELS.DataReliability,
GROUNDWATER_LEVELS.DateMeasued,
GROUNDWATER_LEVELS.DepthToWaterBGS,
GROUNDWATER_LEVELS.Easting,
GROUNDWATER_LEVELS.FormationZone,
GROUNDWATER_LEVELS.HoleDepth,
GROUNDWATER_LEVELS.LevelStatus,
GROUNDWATER_LEVELS.MaxOfScreenBottom,
GROUNDWATER_LEVELS.MeasurementMethod,
GROUNDWATER_LEVELS.MeasuringAgency,
GROUNDWATER_LEVELS.MinOfScreenTop,
GROUNDWATER_LEVELS.Northing,
GROUNDWATER_LEVELS.OBJECTID,
GROUNDWATER_LEVELS.PointID,
GROUNDWATER_LEVELS.Shape,
GROUNDWATER_LEVELS.StaticWater,
GROUNDWATER_LEVELS.WellDepth,
HydraulicsData.Cs (gal/d/ft),
HydraulicsData.Data Source,
HydraulicsData.GlobalID,
HydraulicsData.HD (ft2/d),
HydraulicsData.HL (day-1),
HydraulicsData.Hydraulic Remarks,
HydraulicsData.HydraulicUnit,
HydraulicsData.HydraulicUnitType,
HydraulicsData.KH (ft/d),
HydraulicsData.KV (ft/d),
HydraulicsData.OBJECTID,
HydraulicsData.P (decimal fraction),
HydraulicsData.PointID,
HydraulicsData.S (dimensionless),
HydraulicsData.SSMA_TimeStamp,
HydraulicsData.Ss (ft-1),
HydraulicsData.Sy (decimalfractn),
HydraulicsData.T (ft2/d),
HydraulicsData.TestBottom,
HydraulicsData.TestTop,
HydraulicsData.WellID,
HydraulicsData.k (darcy),
LU_AllAnalytes.CODE,
LU_AllAnalytes.MEANING,
LU_AllAnalytes.id,
LU_AllAnalytesUnits.CODE,
LU_AllAnalytesUnits.MEANING,
LU_AllAnalytesUnits.id,
LU_AltitudeDatum.CODE,
LU_AltitudeDatum.id,
LU_AltitudeMethod.CODE,
LU_AltitudeMethod.MEANING,
LU_AltitudeMethod.id,
LU_AquiferClass.CODE,
LU_AquiferClass.MEANING,
LU_AquiferClass.id,
LU_AquiferType.CODE,
LU_AquiferType.MEANING,
LU_AquiferType.id,
LU_CollectionMethod.CODE,
LU_CollectionMethod.MEANING,
LU_CollectionMethod.id,
LU_ConstructionMethod.CODE,
LU_ConstructionMethod.MEANING,
LU_ConstructionMethod.id,
LU_ContributingUnit.CODE,
LU_ContributingUnit.MEANING,
LU_ContributingUnit.id,
LU_CoordinateAccuracy.CODE,
LU_CoordinateAccuracy.MEANING,
LU_CoordinateAccuracy.id,
LU_CoordinateDatum.DATUMCODE,
LU_CoordinateDatum.id,
LU_CoordinateMethod.CODE,
LU_CoordinateMethod.MEANING,
LU_CoordinateMethod.id,
LU_County.COUNTY,
LU_County.id,
LU_CurrentUse.CODE,
LU_CurrentUse.MEANING,
LU_CurrentUse.id,
LU_DataQuality.CODE,
LU_DataQuality.MEANING,
LU_DataQuality.SHORT_MEANING,
LU_DataQuality.WebDataEntryVisible,
LU_DataQuality.id,
LU_DataReliability.CODE,
LU_DataReliability.MEANING,
LU_DataReliability.id,
LU_DataSource.CODE,
LU_DataSource.MEANING,
LU_DataSource.id,
LU_DataType.CODE,
LU_DataType.MEANING,
LU_DataType.id,
LU_Depth/CompletionSource.CODE,
LU_Depth/CompletionSource.MEANING,
LU_Depth/CompletionSource.id,
LU_Discharge.Discharge,
LU_Discharge.id,
LU_Discharge Units.UNITS,
LU_Discharge Units.id,
LU_Discharge/ChemistrySource.CODE,
LU_Discharge/ChemistrySource.MEANING,
LU_Discharge/ChemistrySource.id,
LU_DischargeMethod.CODE,
LU_DischargeMethod.MEANING,
LU_DischargeMethod.id,
LU_EquipmentType.MEANING,
LU_EquipmentType.id,
LU_FPUnits.CODE,
LU_FPUnits.MEANING,
LU_FPUnits.id,
LU_FieldNoteTypes.FieldNoteType,
LU_FieldNoteTypes.NoteType_id,
LU_FieldParameter.CODE,
LU_FieldParameter.MEANING,
LU_FieldParameter.id,
LU_Formations.Code,
LU_Formations.Meaning,
LU_Formations.id,
LU_LevelStatus.CODE,
LU_LevelStatus.MEANING,
LU_LevelStatus.WebDataEntryVisible,
LU_LevelStatus.id,
LU_Lithology.ABBREVIATION,
LU_Lithology.TERM,
LU_Lithology.id,
LU_MajorAnalyte.CODE,
LU_MajorAnalyte.MEANING,
LU_MajorAnalyte.id,
LU_MajorUnits.CODE,
LU_MajorUnits.MEANING,
LU_MajorUnits.id,
LU_MeasurementMethod.CODE,
LU_MeasurementMethod.MEANING,
LU_MeasurementMethod.WebDataEntryVisible,
LU_MeasurementMethod.id,
LU_MeasuringAgency.Agency,
LU_MeasuringAgency.Description,
LU_MeasuringAgency.id,
LU_MinorTraceAnalyte.CODE,
LU_MinorTraceAnalyte.MEANING,
LU_MinorTraceAnalyte.id,
LU_MinorTraceUnits.CODE,
LU_MinorTraceUnits.MEANING,
LU_MinorTraceUnits.id,
LU_MonitoringStatus.CODE,
LU_MonitoringStatus.MEANING,
LU_MonitoringStatus.id,
LU_NMQuads.QuadName,
LU_NMQuads.id,
LU_PrimaryUseSite_USGS.CODE,
LU_PrimaryUseSite_USGS.MEANING,
LU_PrimaryUseSite_USGS.id,
LU_PrimaryUseWater_USGS.CODE,
LU_PrimaryUseWater_USGS.MEANING,
LU_PrimaryUseWater_USGS.id,
LU_RadioAnalyte.CODE,
LU_RadioAnalyte.MEANING,
LU_RadioAnalyte.id,
LU_RadioUnits.CODE,
LU_RadioUnits.MEANING,
LU_RadioUnits.id,
LU_SampleType.CODE,
LU_SampleType.MEANING,
LU_SampleType.id,
LU_SiteType.CODE,
LU_SiteType.MEANING,
LU_SiteType.id,
LU_Status.CODE,
LU_Status.MEANING,
LU_Status.id,
LU_Subsurface.CODE,
LU_Subsurface.MEANING,
LU_Subsurface.id,
LU_TimeDatum.MEANING,
LU_TimeDatum.id,
Location.AltDatum,Location.point
Location.AlternateSiteID,ThingIDLink.alternate_id
Location.AlternateSiteID2,ThingIDLink.alternate_id
Location.Altitude,Location.point
Location.AltitudeAccuracy,Location.elevation_accuracy
Location.AltitudeMethod,Location.elevation_method
Location.ChemistryReportDeliver,TBD.TBD
Location.ChemistryReportNote,TBD.TBD
Location.Confidential,All tables.release_status
Location.CoordinateAccuracy,Location.coordiante_accuracy
Location.CoordinateMethod,Location.coordinate_method
Location.CoordinateNotes,Location.nma_coordiante_notes
Location.County,Location.county
Location.DataReliability,Thing.data_quality
Location.DateCreated,"Location, Thing.created_at"
Location.Easting,Location.point
Location.Geometry,Location.point
Location.Hydraulic,
Location.LatLonDatum,Location.point
Location.Latitude,Location.point
Location.LatitudeDD,Location.point
Location.LocationId,
Location.LocationNotes,Location.nma_notes_location
Location.Longitude,Location.point
Location.LongitudeDD,Location.point
Location.Northing,Location.point
Location.ObjectID,
Location.PointID,Thing.name
Location.PublicRelease,All tables.release_status
Location.QuadName,Location.quad_name
Location.Range,ThingIDLink.alternate_id
Location.RangeDirection,ThingIDLink.alternate_id
Location.SPX,Location.point
Location.SPY,Location.point
Location.SSMA_TimeStamp,
Location.SectionQuarters,ThingIDLink.alternate_id
Location.SiteDate,Thing.first_visit_date
Location.SiteID,ThingIDLink.alternate_id
Location.SiteNames,ThingIDLink.alternate_id
Location.SiteType,Thing.thing_type
Location.State,Location.state
Location.Subsurface,
Location.SubsurfaceType,
Location.Township,ThingIDLink.alternate_id
Location.TownshipDirection,ThingIDLink.alternate_id
Location.USGSProjectID,ThingIDLink.alternate_project_id
Location.UTMDatum,Location.point
Location.UTMZone,Location.point
Location.WLReportDeliver,TBD.TBD
Location.WLReportNote,TBD.TBD
Location.WL_Continuous,
Location.WL_Intermittent,
Location.WaterFlow,
Location.WaterQuality,
Location.WellorSpgNoData,
Location.X_NAD83_Zone12,Location.point
Location.Y_NAD83_Zone12,Location.point
Location.projectname,Group.name
LocationProjectOwnerArchive.LocationId,
LocationProjectOwnerArchive.OwnerKey,
LocationProjectOwnerArchive.PointID,
LocationProjectOwnerArchive.ProjectName,
Location_backup.AltDatum,
Location_backup.AlternateSiteID,
Location_backup.Altitude,
Location_backup.AltitudeAccuracy,
Location_backup.AltitudeMethod,
Location_backup.ChemistryReportDeliver,
Location_backup.ChemistryReportNote,
Location_backup.Confidential,
Location_backup.CoordinateAccuracy,
Location_backup.CoordinateMethod,
Location_backup.CoordinateNotes,
Location_backup.County,
Location_backup.DataReliability,
Location_backup.DateCreated,
Location_backup.Easting,
Location_backup.Geometry,
Location_backup.Hydraulic,
Location_backup.LatLonDatum,
Location_backup.Latitude,
Location_backup.LatitudeDD,
Location_backup.LocationId,
Location_backup.LocationNotes,
Location_backup.Longitude,
Location_backup.LongitudeDD,
Location_backup.Northing,
Location_backup.ObjectID,
Location_backup.PointID,
Location_backup.PublicRelease,
Location_backup.QuadName,
Location_backup.Range,
Location_backup.RangeDirection,
Location_backup.SPX,
Location_backup.SPY,
Location_backup.SSMA_TimeStamp,
Location_backup.SectionQuarters,
Location_backup.SiteDate,
Location_backup.SiteID,
Location_backup.SiteNames,
Location_backup.SiteType,
Location_backup.State,
Location_backup.Subsurface,
Location_backup.SubsurfaceType,
Location_backup.Township,
Location_backup.TownshipDirection,
Location_backup.USGSProjectID,
Location_backup.UTMDatum,
Location_backup.WLReportDeliver,
Location_backup.WLReportNote,
Location_backup.WL_Continuous,
Location_backup.WL_Intermittent,
Location_backup.WaterFlow,
Location_backup.WaterQuality,
Location_backup.WellorSpgNoData,
Location_backup.X_NAD83_Zone12,
Location_backup.Y_NAD83_Zone12,
Location_backup.projectname,
Location_backupNew.AltDatum,
Location_backupNew.AlternateSiteID,
Location_backupNew.Altitude,
Location_backupNew.AltitudeAccuracy,
Location_backupNew.AltitudeMethod,
Location_backupNew.ChemistryReportDeliver,
Location_backupNew.ChemistryReportNote,
Location_backupNew.Confidential,
Location_backupNew.CoordinateAccuracy,
Location_backupNew.CoordinateMethod,
Location_backupNew.CoordinateNotes,
Location_backupNew.County,
Location_backupNew.DataReliability,
Location_backupNew.DateCreated,
Location_backupNew.Easting,
Location_backupNew.Geometry,
Location_backupNew.Hydraulic,
Location_backupNew.LatLonDatum,
Location_backupNew.Latitude,
Location_backupNew.LatitudeDD,
Location_backupNew.LocationId,
Location_backupNew.LocationNotes,
Location_backupNew.Longitude,
Location_backupNew.LongitudeDD,
Location_backupNew.Northing,
Location_backupNew.ObjectID,
Location_backupNew.PointID,
Location_backupNew.PublicRelease,
Location_backupNew.QuadName,
Location_backupNew.Range,
Location_backupNew.RangeDirection,
Location_backupNew.SPX,
Location_backupNew.SPY,
Location_backupNew.SSMA_TimeStamp,
Location_backupNew.SectionQuarters,
Location_backupNew.SiteDate,
Location_backupNew.SiteID,
Location_backupNew.SiteNames,
Location_backupNew.SiteType,
Location_backupNew.State,
Location_backupNew.Subsurface,
Location_backupNew.SubsurfaceType,
Location_backupNew.Township,
Location_backupNew.TownshipDirection,
Location_backupNew.USGSProjectID,
Location_backupNew.UTMDatum,
Location_backupNew.WLReportDeliver,
Location_backupNew.WLReportNote,
Location_backupNew.WL_Continuous,
Location_backupNew.WL_Intermittent,
Location_backupNew.WaterFlow,
Location_backupNew.WaterQuality,
Location_backupNew.WellorSpgNoData,
Location_backupNew.X_NAD83_Zone12,
Location_backupNew.Y_NAD83_Zone12,
Location_backupNew.projectname,
LocationsEB.AltDatum,
LocationsEB.AlternateSiteID,
LocationsEB.Altitude,
LocationsEB.AltitudeAccuracy,
LocationsEB.AltitudeMethod,
LocationsEB.ChemistryReportDeliver,
LocationsEB.ChemistryReportNote,
LocationsEB.Confidential,
LocationsEB.CoordinateAccuracy,
LocationsEB.CoordinateMethod,
LocationsEB.CoordinateNotes,
LocationsEB.County,
LocationsEB.DataReliability,
LocationsEB.DateCreated,
LocationsEB.Easting,
LocationsEB.Hydraulic,
LocationsEB.LatLonDatum,
LocationsEB.Latitude,
LocationsEB.LatitudeDD,
LocationsEB.LocationId,
LocationsEB.LocationNotes,
LocationsEB.Longitude,
LocationsEB.LongitudeDD,
LocationsEB.Northing,
LocationsEB.ObjectID,
LocationsEB.PointID,
LocationsEB.PublicRelease,
LocationsEB.QuadName,
LocationsEB.Range,
LocationsEB.RangeDirection,
LocationsEB.SPX,
LocationsEB.SPY,
LocationsEB.SectionQuarters,
LocationsEB.SiteDate,
LocationsEB.SiteID,
LocationsEB.SiteNames,
LocationsEB.SiteType,
LocationsEB.State,
LocationsEB.Subsurface,
LocationsEB.SubsurfaceType,
LocationsEB.Township,
LocationsEB.TownshipDirection,
LocationsEB.USGSProjectID,
LocationsEB.UTMDatum,
LocationsEB.WLReportDeliver,
LocationsEB.WLReportNote,
LocationsEB.WL_Continuous,
LocationsEB.WL_Intermittent,
LocationsEB.WaterFlow,
LocationsEB.WaterQuality,
LocationsEB.WellorSpgNoData,
LocationsEB.X_NAD83_Zone12,
LocationsEB.Y_NAD83_Zone12,
LocationsEB.projectname,
LocationsPS.AltDatum,
LocationsPS.AlternateSiteID,
LocationsPS.Altitude,
LocationsPS.AltitudeAccuracy,
LocationsPS.AltitudeMethod,
LocationsPS.ChemistryReportDeliver,
LocationsPS.ChemistryReportNote,
LocationsPS.Confidential,
LocationsPS.CoordinateAccuracy,
LocationsPS.CoordinateMethod,
LocationsPS.CoordinateNotes,
LocationsPS.County,
LocationsPS.DataReliability,
LocationsPS.DateCreated,
LocationsPS.Easting,
LocationsPS.Hydraulic,
LocationsPS.LatLonDatum,
LocationsPS.Latitude,
LocationsPS.LatitudeDD,
LocationsPS.LocationId,
LocationsPS.LocationNotes,
LocationsPS.Longitude,
LocationsPS.LongitudeDD,
LocationsPS.Northing,
LocationsPS.ObjectID,
LocationsPS.PointID,
LocationsPS.PublicRelease,
LocationsPS.QuadName,
LocationsPS.Range,
LocationsPS.RangeDirection,
LocationsPS.SPX,
LocationsPS.SPY,
LocationsPS.SectionQuarters,
LocationsPS.SiteDate,
LocationsPS.SiteID,
LocationsPS.SiteNames,
LocationsPS.SiteType,
LocationsPS.State,
LocationsPS.Subsurface,
LocationsPS.SubsurfaceType,
LocationsPS.Township,
LocationsPS.TownshipDirection,
LocationsPS.USGSProjectID,
LocationsPS.UTMDatum,
LocationsPS.WLReportDeliver,
LocationsPS.WLReportNote,
LocationsPS.WL_Continuous,
LocationsPS.WL_Intermittent,
LocationsPS.WaterFlow,
LocationsPS.WaterQuality,
LocationsPS.WellorSpgNoData,
LocationsPS.X_NAD83_Zone12,
LocationsPS.Y_NAD83_Zone12,
LocationsPS.projectname,
LocationsSB.AltDatum,
LocationsSB.AlternateSiteID,
LocationsSB.Altitude,
LocationsSB.AltitudeAccuracy,
LocationsSB.AltitudeMethod,
LocationsSB.ChemistryReportDeliver,
LocationsSB.ChemistryReportNote,
LocationsSB.Confidential,
LocationsSB.CoordinateAccuracy,
LocationsSB.CoordinateMethod,
LocationsSB.CoordinateNotes,
LocationsSB.County,
LocationsSB.DataReliability,
LocationsSB.DateCreated,
LocationsSB.Easting,
LocationsSB.Hydraulic,
LocationsSB.LatLonDatum,
LocationsSB.Latitude,
LocationsSB.LatitudeDD,
LocationsSB.LocationId,
LocationsSB.LocationNotes,
LocationsSB.Longitude,
LocationsSB.LongitudeDD,
LocationsSB.Northing,
LocationsSB.ObjectID,
LocationsSB.PointID,
LocationsSB.PublicRelease,
LocationsSB.QuadName,
LocationsSB.Range,
LocationsSB.RangeDirection,
LocationsSB.SPX,
LocationsSB.SPY,
LocationsSB.SectionQuarters,
LocationsSB.SiteDate,
LocationsSB.SiteID,
LocationsSB.SiteNames,
LocationsSB.SiteType,
LocationsSB.State,
LocationsSB.Subsurface,
LocationsSB.SubsurfaceType,
LocationsSB.Township,
LocationsSB.TownshipDirection,
LocationsSB.USGSProjectID,
LocationsSB.UTMDatum,
LocationsSB.WLReportDeliver,
LocationsSB.WLReportNote,
LocationsSB.WL_Continuous,
LocationsSB.WL_Intermittent,
LocationsSB.WaterFlow,
LocationsSB.WaterQuality,
LocationsSB.WellorSpgNoData,
LocationsSB.X_NAD83_Zone12,
LocationsSB.Y_NAD83_Zone12,
LocationsSB.projectname,
MajorChemistry.AnalysesAgency,
MajorChemistry.AnalysisDate,
MajorChemistry.AnalysisMethod,
MajorChemistry.Analyte,
MajorChemistry.GlobalID,
MajorChemistry.Notes,
MajorChemistry.OBJECTID,
MajorChemistry.SSMA_TimeStamp,
MajorChemistry.SamplePointID,
MajorChemistry.SamplePtID,
MajorChemistry.SampleValue,
MajorChemistry.Symbol,
MajorChemistry.Uncertainty,
MajorChemistry.Units,
MajorChemistry.Volume,
MajorChemistry.VolumeUnit,
MajorChemistry.WCLab_ID,
MinorandTraceChemistry.AnalysesAgency,
MinorandTraceChemistry.AnalysisDate,
MinorandTraceChemistry.AnalysisMethod,
MinorandTraceChemistry.Analyte,
MinorandTraceChemistry.GlobalID,
MinorandTraceChemistry.Notes,
MinorandTraceChemistry.OBJECTID,
MinorandTraceChemistry.SSMA_TimeStamp,
MinorandTraceChemistry.SamplePointID,
MinorandTraceChemistry.SamplePtID,
MinorandTraceChemistry.SampleValue,
MinorandTraceChemistry.Symbol,
MinorandTraceChemistry.Uncertainty,
MinorandTraceChemistry.Units,
MinorandTraceChemistry.Volume,
MinorandTraceChemistry.VolumeUnit,
MinorandTraceChemistry.WCLab_ID,
NGWMN_Lithology.Lithology,
NGWMN_Lithology.PointID,
NGWMN_Lithology.StratBottom,
NGWMN_Lithology.StratSource,
NGWMN_Lithology.StratTop,
NGWMN_Lithology.TERM,
OwnerLink.GlobalID,
OwnerLink.LocationId,
OwnerLink.OBJECTID,
OwnerLink.OwnerKey,
OwnersData.CellPhone,
OwnersData.Company,
OwnersData.Email,
OwnersData.FirstName,
OwnersData.GlobalID,
OwnersData.LastName,
OwnersData.MailCity,
OwnersData.MailState,
OwnersData.MailZipCode,
OwnersData.MailingAddress,
OwnersData.OBJECTID,
OwnersData.OwnerComment,
OwnersData.OwnerKey,
OwnersData.Phone,
OwnersData.PhysicalAddress,
OwnersData.PhysicalCity,
OwnersData.PhysicalState,
OwnersData.PhysicalZipCode,
OwnersData.SecondCtctEmail,
OwnersData.SecondCtctPhone,
OwnersData.SecondFirstName,
OwnersData.SecondLastName,
PointIdTemp.LocationId,
PointIdTemp.PointID,
PointIdTemp.WDBID,
ProjectLocations.GlobalID,
ProjectLocations.LocationId,
ProjectLocations.OBJECTID,
ProjectLocations.PointID,
ProjectLocations.ProjectName,
Projects.PointIDPrefix,
Projects.Project,
Radionuclides.AnalysesAgency,
Radionuclides.AnalysisDate,
Radionuclides.AnalysisMethod,
Radionuclides.Analyte,
Radionuclides.GlobalID,
Radionuclides.Notes,
Radionuclides.OBJECTID,
Radionuclides.SSMA_TimeStamp,
Radionuclides.SamplePointID,
Radionuclides.SamplePtID,
Radionuclides.SampleValue,
Radionuclides.Symbol,
Radionuclides.Uncertainty,
Radionuclides.Units,
Radionuclides.Volume,
Radionuclides.VolumeUnit,
Radionuclides.WCLab_ID,
SITESWITHWATERLEVELS.Altitude,
SITESWITHWATERLEVELS.CasingDiameter,
SITESWITHWATERLEVELS.DataReliability,
SITESWITHWATERLEVELS.Easting,
SITESWITHWATERLEVELS.Expr1,
SITESWITHWATERLEVELS.FormationZone,
SITESWITHWATERLEVELS.HoleDepth,
SITESWITHWATERLEVELS.MaxOfDateMeasured_Acoustic,
SITESWITHWATERLEVELS.MaxOfDateMeasured_Pressure,
SITESWITHWATERLEVELS.MaxOfDateMeasured_WL,
SITESWITHWATERLEVELS.MaxOfScreenBottom,
SITESWITHWATERLEVELS.MinOfScreenTop,
SITESWITHWATERLEVELS.Northing,
SITESWITHWATERLEVELS.OBJECTID,
SITESWITHWATERLEVELS.PointID,
SITESWITHWATERLEVELS.SiteID,
SITESWITHWATERLEVELS.StaticWater,
SITESWITHWATERLEVELS.WellDepth,
SITEWATERLEVELS.DataSource,
SITEWATERLEVELS.DateMeasued,
SITEWATERLEVELS.DepthToWaterBGS,
SITEWATERLEVELS.LevelStatus,
SITEWATERLEVELS.MeasurementMethod,
SITEWATERLEVELS.MeasuringAgency,
SITEWATERLEVELS.PointID,
SaltBasinWLs.DataSource,
SaltBasinWLs.DateMeasured,
SaltBasinWLs.DepthToWater,
SaltBasinWLs.ID,
SaltBasinWLs.LevelStatus,
SaltBasinWLs.MeasurementMethod,
SaltBasinWLs.PointID,
SelectedObjects.ObjectID,
SelectedObjects.SelectionID,
Selections.SelectionID,
Selections.TargetName,
Soil_Rock_Results.Date Sampled,
Soil_Rock_Results.Point_ID,
Soil_Rock_Results.SSMA_TimeStamp,
Soil_Rock_Results.Sample Type,
Soil_Rock_Results.Sampled by,
Soil_Rock_Results.d13C,
Soil_Rock_Results.d18O,
Stratigraphy.ContributingUnit,
Stratigraphy.GlobalID,
Stratigraphy.LithologicModifier,
Stratigraphy.Lithology,
Stratigraphy.OBJECTID,
Stratigraphy.PointID,
Stratigraphy.StratBottom,
Stratigraphy.StratNotes,
Stratigraphy.StratSource,
Stratigraphy.StratTop,
Stratigraphy.UnitIdentifier,
Stratigraphy.WellID,
SurfaceWaterData.AqClass,
SurfaceWaterData.DataSource,
SurfaceWaterData.DateMeasured,
SurfaceWaterData.Discharge,
SurfaceWaterData.DischargeMethod,
SurfaceWaterData.DischargeRate,
SurfaceWaterData.DischargeSource,
SurfaceWaterData.DischargeUnits,
SurfaceWaterData.FieldMethodNotes,
SurfaceWaterData.FormationZone,
SurfaceWaterData.LocationId,
SurfaceWaterData.OBJECTID,
SurfaceWaterData.PointID,
SurfaceWaterData.SSMA_TimeStamp,
SurfaceWaterData.SiteNotes,
SurfaceWaterData.SourceNotes,
SurfaceWaterData.SurfaceID,
SurfaceWaterData_Corrupt_DataMissing.AqClass,
SurfaceWaterData_Corrupt_DataMissing.DataSource,
SurfaceWaterData_Corrupt_DataMissing.DateMeasured,
SurfaceWaterData_Corrupt_DataMissing.Discharge,
SurfaceWaterData_Corrupt_DataMissing.DischargeMethod,
SurfaceWaterData_Corrupt_DataMissing.DischargeRate,
SurfaceWaterData_Corrupt_DataMissing.DischargeSource,
SurfaceWaterData_Corrupt_DataMissing.DischargeUnits,
SurfaceWaterData_Corrupt_DataMissing.FieldMethodNotes,
SurfaceWaterData_Corrupt_DataMissing.FormationZone,
SurfaceWaterData_Corrupt_DataMissing.LocationId,
SurfaceWaterData_Corrupt_DataMissing.OBJECTID,
SurfaceWaterData_Corrupt_DataMissing.PointID,
SurfaceWaterData_Corrupt_DataMissing.SSMA_TimeStamp,
SurfaceWaterData_Corrupt_DataMissing.SiteNotes,
SurfaceWaterData_Corrupt_DataMissing.SourceNotes,
SurfaceWaterData_Corrupt_DataMissing.SurfaceID,
SurfaceWaterPhotos.GlobalID,
SurfaceWaterPhotos.OBJECTID,
SurfaceWaterPhotos.OLEPath,
SurfaceWaterPhotos.PointID,
SurfaceWaterPhotos.SurfaceID,
TblLoadPDF.AssociatedOLD,
TblLoadPDF.OleID,
TblLoadPDF.SurfaceWaterOLE,
TblLoadPDF.WeatherOLE,
TblLoadPDF.WellOLE,
TblLoadPDF.WellPdf,
Tbl_PublicReleaseSitesInfo.Altitude,
Tbl_PublicReleaseSitesInfo.Easting,
Tbl_PublicReleaseSitesInfo.FormationZone,
Tbl_PublicReleaseSitesInfo.Geometry,
Tbl_PublicReleaseSitesInfo.HoleDepth,
Tbl_PublicReleaseSitesInfo.Northing,
Tbl_PublicReleaseSitesInfo.OSEWellID,
Tbl_PublicReleaseSitesInfo.ObjectID,
Tbl_PublicReleaseSitesInfo.PointID,
Tbl_PublicReleaseSitesInfo.SiteID,
Tbl_PublicReleaseSitesInfo.WellDepth,
Tbl_PublicReleaseSitesInfo_ProjectNameIncluded.Altitude,
Tbl_PublicReleaseSitesInfo_ProjectNameIncluded.Easting,
Tbl_PublicReleaseSitesInfo_ProjectNameIncluded.FormationZone,
Tbl_PublicReleaseSitesInfo_ProjectNameIncluded.Geometry,
Tbl_PublicReleaseSitesInfo_ProjectNameIncluded.HoleDepth,
Tbl_PublicReleaseSitesInfo_ProjectNameIncluded.MonitoringStatus,
Tbl_PublicReleaseSitesInfo_ProjectNameIncluded.Northing,
Tbl_PublicReleaseSitesInfo_ProjectNameIncluded.OSEWellID,
Tbl_PublicReleaseSitesInfo_ProjectNameIncluded.ObjectID,
Tbl_PublicReleaseSitesInfo_ProjectNameIncluded.PointID,
Tbl_PublicReleaseSitesInfo_ProjectNameIncluded.ProjectName,
Tbl_PublicReleaseSitesInfo_ProjectNameIncluded.SiteID,
Tbl_PublicReleaseSitesInfo_ProjectNameIncluded.WellDepth,
Tbl_TaosWLS.Altitude,
Tbl_TaosWLS.CasingDepth,
Tbl_TaosWLS.CasingDiameter,
Tbl_TaosWLS.CompletionDate,
Tbl_TaosWLS.CompletionSource,
Tbl_TaosWLS.County,
Tbl_TaosWLS.DataQuality,
Tbl_TaosWLS.DataSource,
Tbl_TaosWLS.DateMeasured,
Tbl_TaosWLS.DepthSource,
Tbl_TaosWLS.DepthToWaterBGS,
Tbl_TaosWLS.Easting,
Tbl_TaosWLS.Expr1,
Tbl_TaosWLS.Expr2,
Tbl_TaosWLS.Expr3,
Tbl_TaosWLS.Expr4,
Tbl_TaosWLS.Expr5,
Tbl_TaosWLS.Expr6,
Tbl_TaosWLS.FormationZone,
Tbl_TaosWLS.HoleDepth,
Tbl_TaosWLS.LevelStatus,
Tbl_TaosWLS.LocationId,
Tbl_TaosWLS.MeasurementMethod,
Tbl_TaosWLS.MeasuringAgency,
Tbl_TaosWLS.Northing,
Tbl_TaosWLS.OSEWellID,
Tbl_TaosWLS.PointID,
Tbl_TaosWLS.PublicRelease,
Tbl_TaosWLS.State,
Tbl_TaosWLS.Status,
Tbl_TaosWLS.TimeDatum,
Tbl_TaosWLS.TimeMeasured,
Tbl_TaosWLS.UTMDatum,
Tbl_TaosWLS.WellDepth,
Tbl_TaosWLS.WellID,
Tbl_TaosWSC.Altitude,
Tbl_TaosWSC.CasingDepth,
Tbl_TaosWSC.CasingDiameter,
Tbl_TaosWSC.CompletionDate,
Tbl_TaosWSC.CompletionSource,
Tbl_TaosWSC.County,
Tbl_TaosWSC.DataQuality,
Tbl_TaosWSC.DataSource,
Tbl_TaosWSC.DateMeasured,
Tbl_TaosWSC.DepthSource,
Tbl_TaosWSC.DepthToWaterBGS,
Tbl_TaosWSC.Easting,
Tbl_TaosWSC.Expr1,
Tbl_TaosWSC.Expr2,
Tbl_TaosWSC.Expr3,
Tbl_TaosWSC.Expr4,
Tbl_TaosWSC.Expr5,
Tbl_TaosWSC.Expr6,
Tbl_TaosWSC.Expr7,
Tbl_TaosWSC.Expr8,
Tbl_TaosWSC.FormationZone,
Tbl_TaosWSC.HoleDepth,
Tbl_TaosWSC.LevelStatus,
Tbl_TaosWSC.LocationId,
Tbl_TaosWSC.MeasurementMethod,
Tbl_TaosWSC.MeasuringAgency,
Tbl_TaosWSC.Northing,
Tbl_TaosWSC.OSEWellID,
Tbl_TaosWSC.PointID,
Tbl_TaosWSC.PublicRelease,
Tbl_TaosWSC.ScreenBottom,
Tbl_TaosWSC.ScreenTop,
Tbl_TaosWSC.State,
Tbl_TaosWSC.Status,
Tbl_TaosWSC.TimeDatum,
Tbl_TaosWSC.TimeMeasured,
Tbl_TaosWSC.UTMDatum,
Tbl_TaosWSC.WellDepth,
Tbl_TaosWSC.WellID,
Temp_forDTW_bgs.DateMeasured,
Temp_forDTW_bgs.DepthToWater,
Temp_forDTW_bgs.DepthToWaterBGS,
Temp_forDTW_bgs.PointID,
Temp_forDTW_bgs.SSMA_TimeStamp,
USGS_WLs_2018_ForSitesInDB.Added_day_to_WL_date,
USGS_WLs_2018_ForSitesInDB.Added_month_day_to_WL_date,
USGS_WLs_2018_ForSitesInDB.Formatted_WL_Date,
USGS_WLs_2018_ForSitesInDB.ID,
USGS_WLs_2018_ForSitesInDB.PointID,
USGS_WLs_2018_ForSitesInDB.Time_Datum_Reliability,
USGS_WLs_2018_ForSitesInDB.USGS_Site_ID,
USGS_WLs_2018_ForSitesInDB.WL_Accy,
USGS_WLs_2018_ForSitesInDB.WL_Method,
USGS_WLs_2018_ForSitesInDB.WL_Status,
USGS_WLs_2018_ForSitesInDB.WL_Time,
USGS_WLs_2018_ForSitesInDB.WL_Time_Datum,
USGS_WLs_2018_ForSitesInDB.WL__BGS_,
USGS_WLs_2018_ForSitesInDB.WL__BMP_,
WaterLevels.DataQuality,Observation?.precision? quality_flag?
WaterLevels.DataSource,Attribution?.source
WaterLevels.DateMeasured,"Sample, Observation.sample_date, observation_date"
WaterLevels.DepthToWater,"Observation.observed_property, value"
WaterLevels.DepthToWaterBGS,
WaterLevels.Geometry,
WaterLevels.GlobalID,Observation.nma_pk_waterlevels
WaterLevels.LevelStatement,
WaterLevels.LevelStatus,Observation.groundwater_level_reason
WaterLevels.MPHeight,Observation.measuring_point_height
WaterLevels.MeasuredBy,Sample.sampler_name
WaterLevels.MeasurementMethod,Sample.sample_method
WaterLevels.MeasuringAgency,FieldEventParticipant.Inferred from `contact_id` and `participant_role` fields.
WaterLevels.OBJECTID,
WaterLevels.PointID,Thing.name
WaterLevels.PublicRelease,Observation.release_status
WaterLevels.SSMA_TimeStamp,
WaterLevels.SiteNotes,Location? Sample?.notes
WaterLevels.TimeDatum,"Sample, Observation.sample_date, observation_date"
WaterLevels.TimeMeasured,"Sample, Observation.sample_date, observation_date"
WaterLevels.WellID,Thing.nma_pk_welldata
WaterLevelsContinuous_Acoustic.Created,
WaterLevelsContinuous_Acoustic.DataSource,
WaterLevelsContinuous_Acoustic.DateMeasured,
WaterLevelsContinuous_Acoustic.DepthToWaterBGS,
WaterLevelsContinuous_Acoustic.EventID,
WaterLevelsContinuous_Acoustic.GlobalID,
WaterLevelsContinuous_Acoustic.ImportID,
WaterLevelsContinuous_Acoustic.MeasurementMethod,
WaterLevelsContinuous_Acoustic.MeasuringAgency,
WaterLevelsContinuous_Acoustic.Notes,
WaterLevelsContinuous_Acoustic.OBJECTID,
WaterLevelsContinuous_Acoustic.PointID,
WaterLevelsContinuous_Acoustic.PreProcessDataField,
WaterLevelsContinuous_Acoustic.PublicRelease,
WaterLevelsContinuous_Acoustic.SensorHgtAboveMP,
WaterLevelsContinuous_Acoustic.SerialNo,
WaterLevelsContinuous_Acoustic.ServerReceiptDate,
WaterLevelsContinuous_Acoustic.SpeakerToMicLength,
WaterLevelsContinuous_Acoustic.TemperatureAir,
WaterLevelsContinuous_Acoustic.WellID,
WaterLevelsContinuous_Acoustic.WellntelReadingType,
WaterLevelsContinuous_Acoustic_Daily.Created,
WaterLevelsContinuous_Acoustic_Daily.DataSource,
WaterLevelsContinuous_Acoustic_Daily.DateMeasured,
WaterLevelsContinuous_Acoustic_Daily.DepthToWaterBGS,
WaterLevelsContinuous_Acoustic_Daily.EventID,
WaterLevelsContinuous_Acoustic_Daily.GlobalID,
WaterLevelsContinuous_Acoustic_Daily.ImportID,
WaterLevelsContinuous_Acoustic_Daily.MeasurementMethod,
WaterLevelsContinuous_Acoustic_Daily.MeasuringAgency,
WaterLevelsContinuous_Acoustic_Daily.Notes,
WaterLevelsContinuous_Acoustic_Daily.OBJECTID,
WaterLevelsContinuous_Acoustic_Daily.PointID,
WaterLevelsContinuous_Acoustic_Daily.PreProcessDataField,
WaterLevelsContinuous_Acoustic_Daily.PublicRelease,
WaterLevelsContinuous_Acoustic_Daily.SensorHgtAboveMP,
WaterLevelsContinuous_Acoustic_Daily.SerialNo,
WaterLevelsContinuous_Acoustic_Daily.ServerReceiptDate,
WaterLevelsContinuous_Acoustic_Daily.SpeakerToMicLength,
WaterLevelsContinuous_Acoustic_Daily.TemperatureAir,
WaterLevelsContinuous_Acoustic_Daily.WellID,
WaterLevelsContinuous_Acoustic_Daily.WellntelReadingType,
WaterLevelsContinuous_Pressure.CONDDL (mS/cm),
WaterLevelsContinuous_Pressure.CheckedBy,
WaterLevelsContinuous_Pressure.Created,
WaterLevelsContinuous_Pressure.DataSource,
WaterLevelsContinuous_Pressure.DateMeasured,
WaterLevelsContinuous_Pressure.DepthToWaterBGS,
WaterLevelsContinuous_Pressure.GlobalID,
WaterLevelsContinuous_Pressure.MeasurementMethod,
WaterLevelsContinuous_Pressure.MeasuringAgency,
WaterLevelsContinuous_Pressure.Notes,
WaterLevelsContinuous_Pressure.OBJECTID,
WaterLevelsContinuous_Pressure.PointID,
WaterLevelsContinuous_Pressure.ProcessedBy,
WaterLevelsContinuous_Pressure.QCed,
WaterLevelsContinuous_Pressure.TemperatureWater,
WaterLevelsContinuous_Pressure.Updated,
WaterLevelsContinuous_Pressure.WaterHead,
WaterLevelsContinuous_Pressure.WaterHeadAdjusted,
WaterLevelsContinuous_Pressure.WellID,
WaterLevelsContinuous_Pressure_Daily.CONDDL (mS/cm),
WaterLevelsContinuous_Pressure_Daily.CheckedBy,
WaterLevelsContinuous_Pressure_Daily.Created,
WaterLevelsContinuous_Pressure_Daily.DataSource,
WaterLevelsContinuous_Pressure_Daily.DateMeasured,
WaterLevelsContinuous_Pressure_Daily.DepthToWaterBGS,
WaterLevelsContinuous_Pressure_Daily.GlobalID,
WaterLevelsContinuous_Pressure_Daily.MeasurementMethod,
WaterLevelsContinuous_Pressure_Daily.MeasuringAgency,
WaterLevelsContinuous_Pressure_Daily.Notes,
WaterLevelsContinuous_Pressure_Daily.OBJECTID,
WaterLevelsContinuous_Pressure_Daily.PointID,
WaterLevelsContinuous_Pressure_Daily.ProcessedBy,
WaterLevelsContinuous_Pressure_Daily.QCed,
WaterLevelsContinuous_Pressure_Daily.TemperatureWater,
WaterLevelsContinuous_Pressure_Daily.Updated,
WaterLevelsContinuous_Pressure_Daily.WaterHead,
WaterLevelsContinuous_Pressure_Daily.WaterHeadAdjusted,
WaterLevelsContinuous_Pressure_Daily.WellID,
WaterLevelsContinuous_Pressure_Test.Created,
WaterLevelsContinuous_Pressure_Test.DataSource,
WaterLevelsContinuous_Pressure_Test.DateMeasured,
WaterLevelsContinuous_Pressure_Test.DepthToWaterBGS,
WaterLevelsContinuous_Pressure_Test.GlobalID,
WaterLevelsContinuous_Pressure_Test.MeasurementMethod,
WaterLevelsContinuous_Pressure_Test.MeasuringAgency,
WaterLevelsContinuous_Pressure_Test.Notes,
WaterLevelsContinuous_Pressure_Test.OBJECTID,
WaterLevelsContinuous_Pressure_Test.PointID,
WaterLevelsContinuous_Pressure_Test.QCed,
WaterLevelsContinuous_Pressure_Test.TemperatureWater,
WaterLevelsContinuous_Pressure_Test.Updated,
WaterLevelsContinuous_Pressure_Test.WaterHead,
WaterLevelsContinuous_Pressure_Test.WaterHeadAdjusted,
WaterLevelsContinuous_Pressure_Test.WellID,
WaterLevels_archive.DataQuality,
WaterLevels_archive.DataSource,
WaterLevels_archive.DateMeasured,
WaterLevels_archive.DateMeasured_old,
WaterLevels_archive.DepthToWater,
WaterLevels_archive.DepthToWaterBGS,
WaterLevels_archive.Geometry,
WaterLevels_archive.GlobalID,
WaterLevels_archive.LevelStatement,
WaterLevels_archive.LevelStatus,
WaterLevels_archive.MPHeight,
WaterLevels_archive.MeasuredBy,
WaterLevels_archive.MeasurementMethod,
WaterLevels_archive.MeasuringAgency,
WaterLevels_archive.OBJECTID,
WaterLevels_archive.PointID,
WaterLevels_archive.PublicRelease,
WaterLevels_archive.SSMA_TimeStamp,
WaterLevels_archive.SiteNotes,
WaterLevels_archive.TimeDatum,
WaterLevels_archive.TimeMeasured,
WaterLevels_archive.WellID,
WaterLevels_bak.DataQuality,
WaterLevels_bak.DataSource,
WaterLevels_bak.DateMeasured,
WaterLevels_bak.DepthToWater,
WaterLevels_bak.DepthToWaterBGS,
WaterLevels_bak.Geometry,
WaterLevels_bak.GlobalID,
WaterLevels_bak.LevelStatement,
WaterLevels_bak.LevelStatus,
WaterLevels_bak.MPHeight,
WaterLevels_bak.MeasuredBy,
WaterLevels_bak.MeasurementMethod,
WaterLevels_bak.MeasuringAgency,
WaterLevels_bak.OBJECTID,
WaterLevels_bak.PointID,
WaterLevels_bak.PublicRelease,
WaterLevels_bak.SSMA_TimeStamp,
WaterLevels_bak.SiteNotes,
WaterLevels_bak.TimeDatum,
WaterLevels_bak.TimeMeasured,
WaterLevels_bak.WellID,
WeatherData.LocationId,
WeatherData.OBJECTID,
WeatherData.PointID,
WeatherData.WeatherID,
WeatherPhotos.GlobalID,
WeatherPhotos.OBJECTID,
WeatherPhotos.OLEPath,
WeatherPhotos.PointID,
WeatherPhotos.WeatherID,
WellData.AqClass,FeatureOfInterest.aquifer_name?
WellData.AquiferType,FeatureOfInterest.aquifer_type
WellData.CasingDepth,Thing.casing_depth
WellData.CasingDescription,Thing.casing_material
WellData.CasingDiameter,Thing.casing_diameter
WellData.CompletionDate,Thing.completion_date
WellData.CompletionSource,Attribution.completion_source
WellData.ConstructionMethod,Thing.construction_method
WellData.ConstructionNotes,Thing.well_construction_notes
WellData.CurrentUse,Thing.well_purpose
WellData.DataSource,Attribution? Thing?.construction_source
WellData.DepthSource,Attribution.well_depth_source
WellData.DrillerName,Thing.driller_name
WellData.FormationZone,FeatureofInterest.formation_zone
WellData.HoleDepth,Thing.hole_depth
WellData.HydrographInterp,
WellData.LocationId,
WellData.MPHeight,"Observation.Observation: observed_property, value"
WellData.MeasuringPoint,MeasuringPointDescriptionHistory.measuring_point_description
WellData.MonitorGroup,
WellData.MonitorOK,Permission?.monitor_permission
WellData.MonitorStatusReason,Sample or Observation?.notes?
WellData.MonitoringStatus,"Group (for frequency info)

StatusHistory (for is currently monitored or not).Frequency info:
Group.group_type = ""Montioring Plan"" (Always set group_type = Monitoring Plan if there's a frequency involved)
Group.frequency = ""Quarterly""

Is currently monitored info:
StatusHistroy.status_type = ""Monitoring Status""
StatusHistory.status_value = ""Active"", ""Inactive"""
WellData.Notes,"Notes.noteable_type = 'Thing'
note_type= depends on the note. Notes will need to be reviewed and categorized by AMP."
WellData.OBJECTID,
WellData.OSEWellID,ThingIDLink.alternate_id
WellData.OSEWelltagID,ThingIDLink.alternate_id
WellData.OpenWellLoggerOK,Permission.allow_installation
WellData.PointID,
WellData.PrimaryUseSite_USGS,
WellData.PrimaryUseWater_USGS,
WellData.SSMA_TimeStamp,
WellData.SampleOK,Permission.allow_sampling
WellData.StaticWater,TBD.TBD
WellData.Status,"StatusHistory.status_value (set status_type field = ""use_status"")"
WellData.StatusUserNotes,TBD.TBD
WellData.WaterNotes,
WellData.WellDepth,Thing.well_depth
WellData.WellID,
WellData.WellPdf,Asset.name
WellPhotos.GlobalID,
WellPhotos.OBJECTID,
WellPhotos.OLEPath,
WellPhotos.PointID,
WellPhotos.WellID,
WellScreens.GlobalID,WellScreen.nma_pk_wellscreens
WellScreens.OBJECTID,
WellScreens.PointID,Thing.name
WellScreens.SSMA_TimeStamp,
WellScreens.ScreenBottom,WellScreen.screen_depth_bottom
WellScreens.ScreenDescription,
WellScreens.ScreenTop,WellScreen.screen_depth_top
WellScreens.WDBID,
WellScreens.WellID,Thing.nma_pk_welldata
WellScreens.counter,
abcwells.HoleDepth,
abcwells.PointID,
abcwells.WellDepth,
sysdiagrams.definition,
sysdiagrams.diagram_id,
sysdiagrams.name,
sysdiagrams.principal_id,
sysdiagrams.version,
tblAudit.DateOfHit,
tblAudit.FieldChanged,
tblAudit.FieldChangedFrom,
tblAudit.FieldChangedTo,
tblAudit.Form,
tblAudit.Objectid2,
tblAudit.SSMA_TimeStamp,
tblAudit.User,
tblAudit.glblguid,
tblAudit.strguid,
usgswls.ID,
usgswls.PointID,
usgswls.WL,
usgswls.agency,
usgswls.date,
usgswls.usgsno,
view_SITEWATERLEVELS_Date.DataSource,
view_SITEWATERLEVELS_Date.DateMeasued,
view_SITEWATERLEVELS_Date.DepthToWaterBGS,
view_SITEWATERLEVELS_Date.LevelStatus,
view_SITEWATERLEVELS_Date.MeasurementMethod,
view_SITEWATERLEVELS_Date.MeasuringAgency,
view_SITEWATERLEVELS_Date.PointID,
wlsbcw3.BTW_bgs,
wlsbcw3.ID,
wlsbcw3.MeasureDate,
wlsbcw3.MeasureMethod,
wlsbcw3.PointID,
wlsbcw3.Status,
wlsbcw3.Well IDKey,
wlsbcw3.Well Name,
