PointID,MeasuringAgency
AR-0052,NMBGMR
AR-0052,NMOSE
AR-0053,NMBGMR
AR-0053,NMOSE
AR-0054,NMBGMR
AR-0054,NMOSE
AR-0056,NMBGMR
AR-0056,NMOSE
AR-0057,NMBGMR
AR-0057,NMOSE
AR-0058,NMBGMR
AR-0058,NMOSE
AR-0059,NMBGMR
AR-0059,NMOSE
AR-0060,NMBGMR
AR-0060,NMOSE
AR-0063,NMBGMR
AR-0063,NMOSE
AR-0065,NMBGMR
AR-0065,NMOSE
AR-0066,NMBGMR
AR-0066,NMOSE
AR-0067,NMBGMR
AR-0067,NMOSE
AR-0068,NMBGMR
AR-0068,NMOSE
AR-0070,NMBGMR
AR-0070,NMOSE
AR-0071,NMBGMR
AR-0071,NMOSE
AR-0072,NMBGMR
AR-0072,NMOSE
AR-0073,NMBGMR
AR-0073,NMOSE
AR-0074,NMBGMR
AR-0074,USGS
AR-0075,NMBGMR
AR-0075,USGS
AR-0077,NMBGMR
AR-0077,USGS
AR-0078,NMBGMR
AR-0078,USGS
AR-0080,NMBGMR
AR-0080,USGS
AR-0081,NMBGMR
AR-0081,USGS
AR-0082,NMBGMR
AR-0082,USGS
AR-0083,NMBGMR
AR-0083,USGS
AR-0084,NMBGMR
AR-0084,USGS
AR-0086,NMBGMR
AR-0086,USGS
AR-0087,NMBGMR
AR-0087,USGS
AR-0088,NMBGMR
AR-0088,USGS
AR-0092,NMBGMR
AR-0092,USGS
AR-0093,NMBGMR
AR-0093,USGS
AR-0094,NMBGMR
AR-0094,USGS
AR-0096,NMBGMR
AR-0096,USGS
AR-0099,NMBGMR
AR-0099,USGS
AR-0101,NMBGMR
AR-0101,USGS
AR-0102,NMBGMR
AR-0102,USGS
AR-0103,NMBGMR
AR-0103,USGS
AR-0104,NMBGMR
AR-0104,USGS
AR-0105,NMBGMR
AR-0105,USGS
AR-0106,NMBGMR
AR-0106,USGS
AR-0110,NMBGMR
AR-0110,USGS
AR-0111,NMBGMR
AR-0111,USGS
AR-0112,NMBGMR
AR-0112,USGS
AR-0113,NMBGMR
AR-0113,USGS
AR-0114,NMBGMR
AR-0114,USGS
AR-0116,NMBGMR
AR-0116,USGS
BC-0008,Bernalillo Cty
BC-0008,USGS
BC-0011,Bernalillo Cty
BC-0011,USGS
BC-0012,Bernalillo Cty
BC-0012,USGS
BC-0013,Bernalillo Cty
BC-0013,USGS
BC-0023,Bernalillo Cty
BC-0023,USGS
BC-0024,Bernalillo Cty
BC-0024,USGS
BC-0034,Bernalillo Cty
BC-0034,USGS
BC-0083,Bernalillo Cty
BC-0083,USGS
BC-0098,Bernalillo Cty
BC-0098,USGS
BC-0099,Bernalillo Cty
BC-0099,USGS
BC-0156,Bernalillo Cty
BC-0156,USGS
BC-0160,Bernalillo Cty
BC-0160,USGS
BC-0166,
BC-0166,Bernalillo Cty
BC-0166,NMBGMR
BC-0166,USGS
EB-010,
EB-010,NMBGMR
EB-010,USGS
EB-011,
EB-011,NMBGMR
EB-011,USGS
EB-014,
EB-014,NMBGMR
EB-014,USGS
EB-016,
EB-016,NMBGMR
EB-016,USGS
EB-102,
EB-102,NMBGMR
EB-102,USGS
EB-115,
EB-115,NMBGMR
EB-115,USGS
EB-130,
EB-130,NMBGMR
EB-130,USGS
EB-160,
EB-160,NMBGMR
EB-160,USGS
EB-161,
EB-161,NMBGMR
EB-161,USGS
EB-164,
EB-164,NMBGMR
EB-164,USGS
EB-171,
EB-171,NMBGMR
EB-171,USGS
EB-204,
EB-204,NMBGMR
EB-204,USGS
EB-205,
EB-205,NMBGMR
EB-205,USGS
EB-206,
EB-206,NMBGMR
EB-206,USGS
EB-207,
EB-207,NMBGMR
EB-207,USGS
EB-208,
EB-208,NMBGMR
EB-208,USGS
EB-209,
EB-209,NMBGMR
EB-209,USGS
EB-210,
EB-210,NMBGMR
EB-210,USGS
EB-211,
EB-211,NMBGMR
EB-211,USGS
EB-213,NMBGMR
EB-213,USGS
EB-216,NMBGMR
EB-216,USGS
EB-217,
EB-217,NMBGMR
EB-217,USGS
EB-218,
EB-218,NMBGMR
EB-218,USGS
EB-219,
EB-219,NMBGMR
EB-219,USGS
EB-220,
EB-220,NMBGMR
EB-220,USGS
EB-221,
EB-221,NMBGMR
EB-221,USGS
EB-222,
EB-222,NMBGMR
EB-222,USGS
EB-223,NMBGMR
EB-223,USGS
EB-224,
EB-224,NMBGMR
EB-224,USGS
EB-225,
EB-225,NMBGMR
EB-225,USGS
EB-226,
EB-226,NMBGMR
EB-226,USGS
EB-227,
EB-227,NMBGMR
EB-227,USGS
EB-228,
EB-228,NMBGMR
EB-228,USGS
EB-229,
EB-229,NMBGMR
EB-229,USGS
EB-231,
EB-231,NMBGMR
EB-231,USGS
EB-232,
EB-232,NMBGMR
EB-232,USGS
EB-233,
EB-233,NMBGMR
EB-233,USGS
EB-234,NMBGMR
EB-234,USGS
EB-235,
EB-235,NMBGMR
EB-235,USGS
EB-236,
EB-236,NMBGMR
EB-236,USGS
EB-237,
EB-237,NMBGMR
EB-237,USGS
EB-238,
EB-238,NMBGMR
EB-238,USGS
EB-239,
EB-239,NMBGMR
EB-239,USGS
EB-240,
EB-240,NMBGMR
EB-240,USGS
EB-243,
EB-243,NMBGMR
EB-243,USGS
EB-247,
EB-247,NMBGMR
EB-247,USGS
EB-248,
EB-248,NMBGMR
EB-248,USGS
EB-249,NMBGMR
EB-249,USGS
EB-250,
EB-250,NMBGMR
EB-250,USGS
EB-251,
EB-251,NMBGMR
EB-251,USGS
EB-253,NMBGMR
EB-253,USGS
EB-257,NMBGMR
EB-257,USGS
EB-258,
EB-258,NMBGMR
EB-258,USGS
EB-259,
EB-259,NMBGMR
EB-259,USGS
EB-261,NMBGMR
EB-261,USGS
EB-265,NMBGMR
EB-265,USGS
EB-266,NMBGMR
EB-266,USGS
EB-267,NMBGMR
EB-267,USGS
EB-271,
EB-271,NMBGMR
EB-271,USGS
EB-273,
EB-273,NMBGMR
EB-273,USGS
EB-274,
EB-274,NMBGMR
EB-274,USGS
EB-287,
EB-287,NMBGMR
EB-287,USGS
EB-307,NMBGMR
EB-307,USGS
EB-341,
EB-341,NMBGMR
EB-341,USGS
EB-387,NMBGMR
EB-387,SFC
EB-388,NMBGMR
EB-388,SFC
EB-389,NMBGMR
EB-389,SFC
EB-582,NMBGMR
EB-582,USGS
EB-586,NMBGMR
EB-586,USGS
EB-643,USFS
EB-643,USGS
EB-696,NMBGMR
EB-696,SFC
HS-039,NMBGMR
HS-039,NMED
JM-015,
JM-015,NMBGMR
JM-015,USGS
JM-033,NMBGMR
JM-033,USGS
JM-044,NMBGMR
JM-044,USGS
JM-046,NMBGMR
JM-046,USGS
JM-047,NMBGMR
JM-047,USGS
JM-049,NMBGMR
JM-049,USGS
NM-00037,NMBGMR
NM-00037,USGS
NM-00039,NMBGMR
NM-00039,USGS
NM-00079,SNL
NM-00079,USGS
NM-00087,SNL
NM-00087,USGS
NM-00109,SNL
NM-00109,USGS
NM-00112,SNL
NM-00112,USGS
NM-00225,NMBGMR
NM-00225,USGS
NM-00253,BLM
NM-00253,USGS
NM-00257,
NM-00257,BLM
NM-00257,USGS
NM-00276,NMBGMR
NM-00276,USGS
NM-00280,NMBGMR
NM-00280,USGS
NM-00367,NMBGMR
NM-00367,USGS
NM-00643,NMBGMR
NM-00643,USGS
NM-00904,NMBGMR
NM-00904,USGS
NM-01326,NMBGMR
NM-01326,USGS
NM-01802,NMBGMR
NM-01802,USGS
NM-01819,NMBGMR
NM-01819,USGS
NM-01854,NMBGMR
NM-01854,USGS
NM-01859,NMBGMR
NM-01859,USGS
NM-01873,NMBGMR
NM-01873,USGS
NM-01876,NMBGMR
NM-01876,USGS
NM-01917,NMBGMR
NM-01917,USGS
NM-01922,NMBGMR
NM-01922,USGS
NM-01941,NMBGMR
NM-01941,USGS
NM-01949,NMBGMR
NM-01949,USGS
NM-01959,NMBGMR
NM-01959,USGS
NM-01964,NMBGMR
NM-01964,USGS
NM-01965,NMBGMR
NM-01965,USGS
NM-02018,NMBGMR
NM-02018,USGS
NM-02032,NMBGMR
NM-02032,USGS
NM-02037,NMBGMR
NM-02037,USGS
NM-02040,NMBGMR
NM-02040,USGS
NM-02045,NMBGMR
NM-02045,USGS
NM-02055,NMBGMR
NM-02055,USGS
NM-02072,NMBGMR
NM-02072,USGS
NM-02077,NMBGMR
NM-02077,USGS
NM-02086,NMBGMR
NM-02086,USGS
NM-02092,NMBGMR
NM-02092,USGS
NM-02115,NMBGMR
NM-02115,USGS
NM-02116,NMBGMR
NM-02116,USGS
NM-02120,NMBGMR
NM-02120,USGS
NM-02121,NMBGMR
NM-02121,USGS
NM-02128,NMBGMR
NM-02128,USGS
NM-02161,NMBGMR
NM-02161,USGS
NM-02174,NMBGMR
NM-02174,USGS
NM-02175,NMBGMR
NM-02175,USGS
NM-02186,NMBGMR
NM-02186,USGS
NM-02192,NMBGMR
NM-02192,USGS
NM-02225,NMBGMR
NM-02225,USGS
NM-02227,NMBGMR
NM-02227,USGS
NM-02232,NMBGMR
NM-02232,USGS
NM-02234,NMBGMR
NM-02234,USGS
NM-02242,NMBGMR
NM-02242,USGS
NM-02244,NMBGMR
NM-02244,USGS
NM-02247,NMBGMR
NM-02247,USGS
NM-02249,NMBGMR
NM-02249,USGS
NM-02264,NMBGMR
NM-02264,USGS
NM-02272,NMBGMR
NM-02272,USGS
NM-02332,NMBGMR
NM-02332,USGS
NM-02333,SNL
NM-02333,USGS
NM-02346,NMBGMR
NM-02346,USGS
NM-02351,NMBGMR
NM-02351,USGS
NM-02355,NMBGMR
NM-02355,USGS
NM-02358,NMBGMR
NM-02358,USGS
NM-02363,NMBGMR
NM-02363,USGS
NM-02390,NMBGMR
NM-02390,USGS
NM-02394,NMBGMR
NM-02394,USGS
NM-02402,NMBGMR
NM-02402,USGS
NM-02405,NMBGMR
NM-02405,USGS
NM-02406,NMBGMR
NM-02406,USGS
NM-02407,NMBGMR
NM-02407,USGS
NM-02410,NMBGMR
NM-02410,USGS
NM-02412,NMBGMR
NM-02412,USGS
NM-02431,NMBGMR
NM-02431,USGS
NM-02461,NMBGMR
NM-02461,USGS
NM-02472,NMBGMR
NM-02472,USGS
NM-02480,NMBGMR
NM-02480,USGS
NM-02514,NMBGMR
NM-02514,USGS
NM-02546,NMBGMR
NM-02546,USGS
NM-02560,BLM
NM-02560,USGS
NM-02572,NMBGMR
NM-02572,USGS
NM-02613,NMBGMR
NM-02613,USGS
NM-02627,NMBGMR
NM-02627,USGS
NM-02732,NMOSE
NM-02732,USGS
NM-03667,NMBGMR
NM-03667,USGS
NM-03672,
NM-03672,NMBGMR
NM-03672,USGS
NM-03679,NMBGMR
NM-03679,USGS
NM-03786,NMBGMR
NM-03786,USGS
NM-03819,NMBGMR
NM-03819,USGS
NM-04102,NMBGMR
NM-04102,USGS
NM-04145,NMBGMR
NM-04145,USGS
NM-04233,NMBGMR
NM-04233,USGS
NM-04267,NMBGMR
NM-04267,USGS
NM-04325,NMBGMR
NM-04325,USGS
NM-04335,NMBGMR
NM-04335,USGS
NM-04362,NMBGMR
NM-04362,USGS
NM-04366,NMBGMR
NM-04366,USGS
NM-04432,NMBGMR
NM-04432,USGS
NM-04528,NMBGMR
NM-04528,USGS
NM-04540,NMBGMR
NM-04540,USGS
NM-04572,NMBGMR
NM-04572,USGS
NM-04723,NMBGMR
NM-04723,USGS
NM-04832,NMBGMR
NM-04832,USGS
NM-04899,NMBGMR
NM-04899,USGS
NM-04961,NMBGMR
NM-04961,USGS
NM-05017,BLM
NM-05017,USGS
NM-05195,NMBGMR
NM-05195,USGS
NM-05243,NMBGMR
NM-05243,USGS
NM-05358,NMBGMR
NM-05358,USGS
NM-05638,NMBGMR
NM-05638,USGS
NM-05708,NMBGMR
NM-05708,USGS
NM-05772,NMBGMR
NM-05772,USGS
NM-05946,NMBGMR
NM-05946,USGS
NM-05950,NMBGMR
NM-05950,USGS
NM-06061,NMBGMR
NM-06061,USGS
NM-06101,NMBGMR
NM-06101,USGS
NM-06532,NMBGMR
NM-06532,USGS
NM-06901,NMBGMR
NM-06901,USGS
NM-06964,
NM-06964,BLM
NM-06964,SNL
NM-06964,USGS
NM-07039,NMBGMR
NM-07039,USGS
NM-07076,NMBGMR
NM-07076,USGS
NM-07190,NMBGMR
NM-07190,USGS
NM-07198,NMBGMR
NM-07198,USGS
NM-07225,BLM
NM-07225,SNL
NM-07225,USGS
NM-07288,SNL
NM-07288,USGS
NM-07437,NMBGMR
NM-07437,USGS
NM-07537,NMBGMR
NM-07537,USGS
NM-07567,NMBGMR
NM-07567,USGS
NM-07749,NMBGMR
NM-07749,USGS
NM-08040,NMBGMR
NM-08040,USGS
NM-08634,NMBGMR
NM-08634,USGS
NM-09362,NMBGMR
NM-09362,USGS
NM-23292,
NM-23292,NMBGMR
NM-23292,USGS
NM-26614,NMBGMR
NM-26614,NPS
NM-26614,USGS
NM-26726,NMBGMR
NM-26726,USGS
NM-26733,NMBGMR
NM-26733,USGS
NM-26737,NMBGMR
NM-26737,USGS
NM-26755,NMBGMR
NM-26755,USGS
NM-26794,
NM-26794,BLM
NM-26794,NMOSE
NM-26798,
NM-26798,BLM
NM-26798,SNL
NM-27378,SNL
NM-27378,USGS
PC-029,NMBGMR
PC-029,USGS
PC-095,NMBGMR
PC-095,NMOSE
QU-068,
QU-068,NMBGMR
QU-068,NMED
QU-069,
QU-069,NMBGMR
QU-069,NMED
QU-070,
QU-070,NMBGMR
QU-070,NMED
QU-071,
QU-071,NMBGMR
QU-071,NMED
QU-072,
QU-072,NMBGMR
QU-072,NMED
QU-073,
QU-073,NMBGMR
QU-073,NMED
QU-075,
QU-075,NMBGMR
QU-075,NMED
QU-076,
QU-076,NMBGMR
QU-076,NMED
QU-077,
QU-077,NMBGMR
QU-077,NMED
QU-078,
QU-078,NMBGMR
QU-078,NMED
QU-081,
QU-081,NMBGMR
QU-081,NMED
QU-082,
QU-082,NMBGMR
QU-082,NMED
QU-083,
QU-083,NMBGMR
QU-083,NMED
QU-084,
QU-084,NMBGMR
QU-084,NMED
QU-085,
QU-085,NMBGMR
QU-085,NMED
QU-086,
QU-086,NMBGMR
QU-086,NMED
QU-087,
QU-087,NMBGMR
QU-087,NMED
QU-089,
QU-089,NMBGMR
QU-089,NMED
QU-090,
QU-090,NMBGMR
QU-090,NMED
QU-091,
QU-091,NMBGMR
QU-091,NMED
QU-094,
QU-094,NMBGMR
QU-094,NMED
QU-095,
QU-095,NMBGMR
QU-095,NMED
QU-096,
QU-096,NMBGMR
QU-096,NMED
QU-097,
QU-097,NMBGMR
QU-097,NMED
QU-098,
QU-098,NMBGMR
QU-098,NMED
QU-099,
QU-099,NMBGMR
QU-099,NMED
SA-0001,
SA-0001,NMBGMR
SA-0001,USGS
SA-0002,
SA-0002,NMBGMR
SA-0002,USGS
SA-0003,
SA-0003,NMBGMR
SA-0003,USGS
SA-0004,
SA-0004,NMBGMR
SA-0004,USGS
SA-0006,
SA-0006,NMBGMR
SA-0006,USGS
SA-0007,
SA-0007,NMBGMR
SA-0007,USGS
SA-0009,
SA-0009,NMBGMR
SA-0009,USGS
SA-0010,
SA-0010,NMBGMR
SA-0010,USGS
SA-0012,
SA-0012,NMBGMR
SA-0012,USGS
SA-0013,
SA-0013,NMBGMR
SA-0013,USGS
SA-0014,
SA-0014,NMBGMR
SA-0014,USGS
SA-0018,
SA-0018,NMBGMR
SA-0018,USGS
SA-0019,
SA-0019,NMBGMR
SA-0019,USGS
SA-0020,
SA-0020,NMBGMR
SA-0020,USGS
SA-0022,
SA-0022,NMBGMR
SA-0022,USGS
SA-0023,
SA-0023,NMBGMR
SA-0023,USGS
SA-0024,
SA-0024,NMBGMR
SA-0024,USGS
SA-0025,
SA-0025,NMBGMR
SA-0025,USGS
SA-0026,
SA-0026,NMBGMR
SA-0026,USGS
SA-0027,
SA-0027,NMBGMR
SA-0027,USGS
SA-0028,
SA-0028,NMBGMR
SA-0028,USGS
SA-0029,
SA-0029,NMBGMR
SA-0029,USGS
SA-0031,
SA-0031,NMBGMR
SA-0031,USGS
SA-0032,
SA-0032,NMBGMR
SA-0032,USGS
SA-0033,
SA-0033,NMBGMR
SA-0033,USGS
SA-0034,
SA-0034,NMBGMR
SA-0034,USGS
SA-0035,
SA-0035,NMBGMR
SA-0035,USGS
SA-0036,
SA-0036,NMBGMR
SA-0036,USGS
SA-0038,
SA-0038,NMBGMR
SA-0038,USGS
SA-0042,
SA-0042,NMBGMR
SA-0042,USGS
SA-0043,
SA-0043,NMBGMR
SA-0043,USGS
SA-0044,
SA-0044,NMBGMR
SA-0044,USGS
SA-0045,
SA-0045,NMBGMR
SA-0045,USGS
SA-0046,
SA-0046,NMBGMR
SA-0046,USGS
SA-0047,
SA-0047,NMBGMR
SA-0047,USGS
SA-0048,
SA-0048,NMBGMR
SA-0048,USGS
SA-0049,
SA-0049,NMBGMR
SA-0049,USGS
SA-0051,
SA-0051,NMBGMR
SA-0051,USGS
SA-0052,
SA-0052,NMBGMR
SA-0052,USGS
SA-0053,
SA-0053,NMBGMR
SA-0053,USGS
SA-0054,
SA-0054,NMBGMR
SA-0054,USGS
SA-0055,
SA-0055,NMBGMR
SA-0055,USGS
SA-0056,
SA-0056,NMBGMR
SA-0056,USGS
SA-0057,
SA-0057,NMBGMR
SA-0057,USGS
SA-0058,
SA-0058,NMBGMR
SA-0058,USGS
SA-0059,
SA-0059,NMBGMR
SA-0059,USGS
SA-0060,
SA-0060,NMBGMR
SA-0060,USGS
SA-0061,
SA-0061,NMBGMR
SA-0061,USGS
SA-0062,
SA-0062,NMBGMR
SA-0062,USGS
SA-0063,
SA-0063,NMBGMR
SA-0063,USGS
SA-0064,
SA-0064,NMBGMR
SA-0064,USGS
SA-0065,
SA-0065,NMBGMR
SA-0065,USGS
SA-0067,
SA-0067,NMBGMR
SA-0067,USGS
SA-0068,
SA-0068,NMBGMR
SA-0068,USGS
SA-0069,
SA-0069,NMBGMR
SA-0069,USGS
SA-0074,
SA-0074,NMBGMR
SA-0074,USGS
SA-0076,NMBGMR
SA-0076,NMOSE
SA-0078,NMBGMR
SA-0078,USGS
SA-0102,NMBGMR
SA-0102,USGS
SA-0104,NMBGMR
SA-0104,USGS
SA-0107,NMBGMR
SA-0107,USGS
SA-0114,NMBGMR
SA-0114,USGS
SA-0120,NMBGMR
SA-0120,USGS
SA-0122,NMBGMR
SA-0122,USGS
SA-0147,NMBGMR
SA-0147,USGS
SA-0165,NMBGMR
SA-0165,USGS
SA-0180,NMBGMR
SA-0180,USGS
SA-0218,NMBGMR
SA-0218,USGS
SA-0230,NMBGMR
SA-0230,USGS
SB-0013,TWDB
SB-0013,USGS
SB-0019,TWDB
SB-0019,USGS
SB-0025,TWDB
SB-0025,USGS
SB-0027,TWDB
SB-0027,USGS
SB-0028,TWDB
SB-0028,USGS
SB-0029,TWDB
SB-0029,USGS
SB-0032,TWDB
SB-0032,USGS
SB-0033,TWDB
SB-0033,USGS
SB-0052,TWDB
SB-0052,USGS
SB-0053,TWDB
SB-0053,USGS
SB-0054,TWDB
SB-0054,USGS
SB-0055,TWDB
SB-0055,USGS
SB-0056,TWDB
SB-0056,USGS
SB-0057,TWDB
SB-0057,USGS
SB-0058,TWDB
SB-0058,USGS
SB-0059,TWDB
SB-0059,USGS
SB-0062,TWDB
SB-0062,USGS
SB-0069,TWDB
SB-0069,USGS
SB-0201,TWDB
SB-0201,USGS
SB-0207,TWDB
SB-0207,USGS
SB-0208,TWDB
SB-0208,USGS
SB-0217,TWDB
SB-0217,USGS
SB-0218,TWDB
SB-0218,USGS
SB-0222,TWDB
SB-0222,USGS
SB-0223,TWDB
SB-0223,USGS
SB-0225,TWDB
SB-0225,USGS
SB-0231,TWDB
SB-0231,USGS
SB-0234,TWDB
SB-0234,USGS
SB-0235,TWDB
SB-0235,USGS
SB-0236,TWDB
SB-0236,USGS
SB-0237,TWDB
SB-0237,USGS
SB-0238,TWDB
SB-0238,USGS
SB-0239,TWDB
SB-0239,USGS
SB-0240,TWDB
SB-0240,USGS
SB-0244,TWDB
SB-0244,USGS
SB-0246,TWDB
SB-0246,USGS
SB-0247,TWDB
SB-0247,USGS
SB-0262,TWDB
SB-0262,USGS
SB-0263,TWDB
SB-0263,USGS
SB-0264,TWDB
SB-0264,USGS
SB-0265,TWDB
SB-0265,USGS
SB-0269,TWDB
SB-0269,USGS
SB-0272,TWDB
SB-0272,USGS
SB-0275,TWDB
SB-0275,USGS
SB-0285,TWDB
SB-0285,USGS
SB-0286,TWDB
SB-0286,USGS
SB-0288,TWDB
SB-0288,USGS
SB-0289,TWDB
SB-0289,USGS
SB-0299,TWDB
SB-0299,USGS
SB-0312,TWDB
SB-0312,USGS
SB-0313,TWDB
SB-0313,USGS
SB-0316,TWDB
SB-0316,USGS
SB-0317,TWDB
SB-0317,USGS
SB-0343,TWDB
SB-0343,USGS
SB-0344,TWDB
SB-0344,USGS
SB-0347,TWDB
SB-0347,USGS
SB-0348,TWDB
SB-0348,USGS
SB-0351,TWDB
SB-0351,USGS
SB-0352,TWDB
SB-0352,USGS
SB-0358,TWDB
SB-0358,USGS
SB-0360,TWDB
SB-0360,USGS
SB-0362,TWDB
SB-0362,USGS
SB-0375,TWDB
SB-0375,USGS
SB-0376,TWDB
SB-0376,USGS
SB-0377,TWDB
SB-0377,USGS
SB-0378,TWDB
SB-0378,USGS
SB-0379,TWDB
SB-0379,USGS
SB-0381,TWDB
SB-0381,USGS
SB-0388,TWDB
SB-0388,USGS
SB-0389,TWDB
SB-0389,USGS
SB-0392,TWDB
SB-0392,USGS
SB-0394,TWDB
SB-0394,USGS
SB-0424,TWDB
SB-0424,USGS
SB-0426,TWDB
SB-0426,USGS
SB-0431,TWDB
SB-0431,USGS
SB-0432,TWDB
SB-0432,USGS
SB-0441,TWDB
SB-0441,USGS
SB-0444,TWDB
SB-0444,USGS
SB-0448,TWDB
SB-0448,USGS
SB-0452,TWDB
SB-0452,USGS
SB-0459,TWDB
SB-0459,USGS
SB-0460,TWDB
SB-0460,USGS
SB-0464,TWDB
SB-0464,USGS
SB-0484,TWDB
SB-0484,USGS
SB-0549,TWDB
SB-0549,USGS
SB-0623,TWDB
SB-0623,USGS
SB-0624,TWDB
SB-0624,USGS
SB-0625,TWDB
SB-0625,USGS
SB-0653,TWDB
SB-0653,USGS
SB-0704,TWDB
SB-0704,USGS
SB-0776,TWDB
SB-0776,USGS
SB-0786,TWDB
SB-0786,USGS
SM-0003,NMBGMR
SM-0003,OSWCD
SM-0007,NMBGMR
SM-0007,OSWCD
SM-0023,
SM-0023,NMBGMR
SM-0023,OSWCD
SM-0026,NMBGMR
SM-0026,OSWCD
SM-0068,NMBGMR
SM-0068,USGS
SM-0235,NMBGMR
SM-0235,USGS
SM-0246,NMBGMR
SM-0246,USGS
SO-0125,NMBGMR
SO-0125,NMISC
SO-0126,NMBGMR
SO-0126,NMISC
SO-0127,NMBGMR
SO-0127,NMISC
SO-0128,NMBGMR
SO-0128,NMISC
SO-0129,NMBGMR
SO-0129,NMISC
SO-0130,NMBGMR
SO-0130,NMISC
SO-0131,NMBGMR
SO-0131,NMISC
SO-0132,NMBGMR
SO-0132,NMISC
SO-0137,NMBGMR
SO-0137,NMISC
SO-0138,NMBGMR
SO-0138,NMISC
SO-0139,NMBGMR
SO-0139,NMISC
SO-0140,NMBGMR
SO-0140,NMISC
SO-0141,NMBGMR
SO-0141,NMISC
SO-0142,NMBGMR
SO-0142,NMISC
SO-0143,NMBGMR
SO-0143,NMISC
SO-0144,NMBGMR
SO-0144,NMISC
SO-0145,NMBGMR
SO-0145,NMISC
SO-0146,NMBGMR
SO-0146,NMISC
SO-0146,NMT
SO-0147,NMBGMR
SO-0147,NMISC
SO-0148,NMBGMR
SO-0148,NMISC
SO-0148,NMT
SO-0149,NMBGMR
SO-0149,NMISC
SO-0152,NMBGMR
SO-0152,NMISC
SO-0153,NMBGMR
SO-0153,NMISC
SO-0154,NMBGMR
SO-0154,NMISC
SO-0155,NMBGMR
SO-0155,NMISC
SO-0156,NMBGMR
SO-0156,NMISC
SO-0157,NMBGMR
SO-0157,NMISC
SO-0158,NMBGMR
SO-0158,NMISC
SO-0159,NMBGMR
SO-0159,NMISC
SO-0160,NMBGMR
SO-0160,NMISC
SO-0161,NMBGMR
SO-0161,NMISC
SO-0162,NMBGMR
SO-0162,NMISC
SO-0163,NMBGMR
SO-0163,NMISC
SO-0164,NMBGMR
SO-0164,NMISC
SO-0165,NMBGMR
SO-0165,NMISC
SO-0166,NMBGMR
SO-0166,NMISC
SO-0167,NMBGMR
SO-0167,NMISC
SO-0167,NMT
SO-0168,NMBGMR
SO-0168,NMISC
SO-0168,NMT
SO-0169,NMBGMR
SO-0169,NMISC
SO-0169,NMT
SO-0170,NMBGMR
SO-0170,NMISC
SO-0171,NMBGMR
SO-0171,NMISC
SO-0172,NMBGMR
SO-0172,NMISC
SO-0173,NMBGMR
SO-0173,NMISC
SO-0174,NMBGMR
SO-0174,NMISC
SO-0175,NMBGMR
SO-0175,NMISC
SO-0176,NMBGMR
SO-0176,NMISC
SO-0177,NMBGMR
SO-0177,NMISC
SO-0178,NMBGMR
SO-0178,NMISC
SO-0179,NMBGMR
SO-0179,NMISC
SO-0180,NMBGMR
SO-0180,NMISC
SO-0181,NMBGMR
SO-0181,NMISC
SO-0182,NMBGMR
SO-0182,NMISC
SO-0183,NMBGMR
SO-0183,NMISC
SO-0184,NMBGMR
SO-0184,NMISC
SO-0185,NMBGMR
SO-0185,NMISC
SO-0186,NMBGMR
SO-0186,NMISC
SO-0187,NMBGMR
SO-0187,NMISC
SO-0188,NMBGMR
SO-0188,NMISC
SO-0189,NMBGMR
SO-0189,NMISC
SO-0190,NMBGMR
SO-0190,NMISC
SO-0191,NMBGMR
SO-0191,NMISC
SO-0192,NMBGMR
SO-0192,NMISC
SO-0193,NMBGMR
SO-0193,NMISC
SO-0194,NMBGMR
SO-0194,NMISC
SO-0195,NMBGMR
SO-0195,NMISC
SO-0196,NMBGMR
SO-0196,NMISC
SO-0197,NMBGMR
SO-0197,NMISC
SO-0198,NMBGMR
SO-0198,NMISC
SO-0200,NMBGMR
SO-0200,NMISC
SO-0201,NMBGMR
SO-0201,NMISC
SO-0202,NMBGMR
SO-0202,NMISC
SO-0203,NMBGMR
SO-0203,NMISC
SO-0204,NMBGMR
SO-0204,NMISC
SO-0205,NMBGMR
SO-0205,NMISC
SO-0206,NMBGMR
SO-0206,NMISC
SO-0207,NMBGMR
SO-0207,NMISC
SO-0208,NMBGMR
SO-0208,NMISC
SO-0209,NMBGMR
SO-0209,NMISC
SO-0210,NMBGMR
SO-0210,NMISC
SO-0211,NMBGMR
SO-0211,NMISC
SO-0212,NMBGMR
SO-0212,NMISC
SO-0223,NMBGMR
SO-0223,NMISC
SO-0224,NMBGMR
SO-0224,NMISC
SO-0225,NMBGMR
SO-0225,NMISC
SO-0226,NMBGMR
SO-0226,NMISC
SO-0234,NMBGMR
SO-0234,NMISC
SO-0235,NMBGMR
SO-0235,NMISC
SO-0236,NMBGMR
SO-0236,NMISC
SO-0237,NMBGMR
SO-0237,NMISC
SO-0238,NMBGMR
SO-0238,NMISC
SO-0239,NMBGMR
SO-0239,NMISC
SO-0240,NMBGMR
SO-0240,NMISC
SO-0244,NMBGMR
SO-0244,NMISC
SO-0244,NMT
SO-0245,NMBGMR
SO-0245,NMISC
SO-0245,NMT
SO-0246,NMBGMR
SO-0246,NMISC
SO-0246,NMT
SO-0247,NMBGMR
SO-0247,NMISC
SO-0247,NMT
SO-0248,NMBGMR
SO-0248,NMISC
SO-0248,NMT
SO-0250,NMBGMR
SO-0250,NMISC
SO-0250,NMT
SO-0251,NMBGMR
SO-0251,NMISC
SO-0251,NMT
SO-0252,NMBGMR
SO-0252,NMISC
SO-0252,NMT
SO-0253,NMBGMR
SO-0253,NMISC
SO-0253,NMT
SO-0254,NMBGMR
SO-0254,NMISC
SO-0254,NMT
SO-0255,NMBGMR
SO-0255,NMISC
SO-0255,NMT
SO-0256,NMBGMR
SO-0256,NMISC
SO-0256,NMT
SO-0257,NMBGMR
SO-0257,NMISC
SO-0258,NMBGMR
SO-0258,NMISC
SO-0258,NMT
SO-0259,NMBGMR
SO-0259,NMISC
SO-0259,NMT
SO-0260,NMBGMR
SO-0260,NMISC
SO-0261,NMBGMR
SO-0261,NMISC
TB-0029,NMBGMR
TB-0029,NMOSE
TB-0037,NMBGMR
TB-0037,NMOSE
TB-0060,NMBGMR
TB-0060,USGS
TB-0071,NMBGMR
TB-0071,NMOSE
TB-0091,NMBGMR
TB-0091,NMOSE
TB-0139,NMBGMR
TB-0139,NMOSE
TB-0139,USGS
TB-0142,NMBGMR
TB-0142,NMOSE
TB-0204,NMBGMR
TB-0204,SNL
TB-0206,NMBGMR
TB-0206,SNL
TB-0208,NMBGMR
TB-0208,SNL
TB-0209,NMBGMR
TB-0209,SNL
TB-0210,NMBGMR
TB-0210,SNL
TB-0212,NMBGMR
TB-0212,SNL
TB-0213,NMBGMR
TB-0213,SNL
TC-205,NMBGMR
TC-205,USGS
TC-207,NMBGMR
TC-207,USGS
TC-211,NMBGMR
TC-211,USGS
TC-219,NMBGMR
TC-219,USGS
TC-229,NMBGMR
TC-229,USGS
TC-230,NMBGMR
TC-230,USGS
TC-240,
TC-240,NMBGMR
TC-240,USGS
TC-249,
TC-249,NMBGMR
TC-249,USGS
UC-0001,
UC-0001,NESWCD
UC-0001,USGS
UC-0002,
UC-0002,NESWCD
UC-0002,USGS
UC-0003,
UC-0003,NESWCD
UC-0003,USGS
UC-0004,
UC-0004,NESWCD
UC-0004,USGS
UC-0005,
UC-0005,NESWCD
UC-0005,USGS
UC-0006,NESWCD
UC-0006,USGS
UC-0007,
UC-0007,NESWCD
UC-0007,USGS
UC-0008,NESWCD
UC-0008,USGS
UC-0009,
UC-0009,NESWCD
UC-0009,USGS
UC-0010,NESWCD
UC-0010,USGS
UC-0011,NESWCD
UC-0011,USGS
UC-0012,
UC-0012,NESWCD
UC-0012,USGS
UC-0013,
UC-0013,NESWCD
UC-0013,USGS
UC-0014,NESWCD
UC-0014,USGS
UC-0015,
UC-0015,NESWCD
UC-0015,USGS
UC-0016,NESWCD
UC-0016,USGS
UC-0017,
UC-0017,NESWCD
UC-0017,USGS
UC-0018,
UC-0018,NESWCD
UC-0018,USGS
UC-0033,
UC-0033,NESWCD
UC-0033,USGS
UC-0036,
UC-0036,NESWCD
UC-0036,USGS
UC-0037,
UC-0037,NESWCD
UC-0037,USGS
UC-0039,
UC-0039,NESWCD
UC-0039,USGS
UC-0043,
UC-0043,NESWCD
UC-0043,USGS
UC-0044,
UC-0044,NESWCD
UC-0044,USGS
UC-0068,NMBGMR
UC-0068,USGS
UC-0069,NMBGMR
UC-0069,USGS
UC-0070,NMBGMR
UC-0070,USGS
UC-0072,NMBGMR
UC-0072,USGS
UC-0073,NMBGMR
UC-0073,USGS
UC-0074,NMBGMR
UC-0074,USGS
UC-0075,NMBGMR
UC-0075,USGS
UC-0076,NMBGMR
UC-0076,USGS
UC-0078,NESWCD
UC-0078,NMBGMR
UC-0078,USGS
UC-0079,NMBGMR
UC-0079,USGS
UC-0083,NMBGMR
UC-0083,USGS
UC-0084,NMBGMR
UC-0084,USGS
UC-0085,NMBGMR
UC-0085,USGS
UC-0086,NMBGMR
UC-0086,USGS
UC-0087,NMBGMR
UC-0087,USGS
UC-0088,NMBGMR
UC-0088,USGS
UC-0089,NMBGMR
UC-0089,USGS
UC-0090,NMBGMR
UC-0090,USGS
UC-0091,NMBGMR
UC-0091,USGS
UC-0092,NMBGMR
UC-0092,USGS
UC-0093,NMBGMR
UC-0093,USGS
UC-0094,NMBGMR
UC-0094,USGS
UC-0095,NMBGMR
UC-0095,USGS
UC-0096,NMBGMR
UC-0096,USGS
UC-0097,NESWCD
UC-0097,USGS
UC-0098,NESWCD
UC-0098,USGS
UC-0099,NESWCD
UC-0099,USGS
UC-0100,NESWCD
UC-0100,USGS
UC-0101,NESWCD
UC-0101,USGS
UC-0102,NESWCD
UC-0102,USGS
UC-0103,NESWCD
UC-0103,USGS
UC-0104,NESWCD
UC-0104,USGS
UC-0105,NESWCD
UC-0105,USGS
UC-0106,NESWCD
UC-0106,USGS
UC-0107,NESWCD
UC-0107,USGS
UC-0108,NESWCD
UC-0108,USGS
UC-0109,NESWCD
UC-0109,USGS
UC-0110,NESWCD
UC-0110,USGS
UC-0111,NESWCD
UC-0111,USGS
UC-0112,NESWCD
UC-0112,USGS
UC-0113,NESWCD
UC-0113,USGS
UC-0114,NESWCD
UC-0114,USGS
UC-0115,NESWCD
UC-0115,USGS
UC-0116,NESWCD
UC-0116,USGS
UC-0117,NESWCD
UC-0117,USGS
UC-0118,NESWCD
UC-0118,USGS
UC-0119,NESWCD
UC-0119,USGS
UC-0120,NESWCD
UC-0120,USGS
UC-0121,NESWCD
UC-0121,USGS
UC-0122,NESWCD
UC-0122,USGS
UC-0123,NESWCD
UC-0123,USGS
UC-0134,NMBGMR
UC-0134,USGS
UC-0136,NMBGMR
UC-0136,USGS
UC-0138,NMBGMR
UC-0138,USGS
UC-0139,NMBGMR
UC-0139,USGS
WL-0034,SNL
WL-0034,USGS
WL-0086,Bayard
WL-0086,NMBGMR
WL-0087,Bayard
WL-0087,NMBGMR
WL-0088,Bayard
WL-0088,NMBGMR
WL-0089,Bayard
WL-0089,NMBGMR
WL-0090,Bayard
WL-0090,NMBGMR
WL-0091,Bayard
WL-0091,NMBGMR
WL-0132,NMBGMR
WL-0132,USGS
WL-0134,NMBGMR
WL-0134,USGS
WS-007,NMBGMR
WS-007,USGS
WS-008,NMBGMR
WS-008,USGS
WS-009,NMBGMR
WS-009,USGS
WS-010,NMBGMR
WS-010,USGS
WS-012,NMBGMR
WS-012,USGS
WS-016,NMBGMR
WS-016,USGS
